project_fr,cheapest_non_ig_category,cheapest_non_ig_confs,cheapest_ig_category,cheapest_ig_confs,fastest_non_ig_category,fastest_non_ig_confs,fastest_ig_category,fastest_ig_confs
activiti_dot_0.2,1-0.2,{'22CPU05Mem2GB.sh': 1},12-0.2,"{'19CPU010Mem1GB.sh': 1, '20CPU010Mem2GB.sh': 1, '21CPU025Mem2GB.sh': 2, '22CPU05Mem2GB.sh': 1, '23CPU05Mem4GB.sh': 1, '24CPU1Mem4GB.sh': 1, '25CPU1Mem8GB.sh': 1, '26CPU2Mem4GB.sh': 2, '27CPU2Mem8GB.sh': 1, '28CPU2Mem16GB.sh': 1}",8-0.2,"{'27CPU2Mem8GB.sh': 1, '29CPU4Mem8GB.sh': 1, '01noThrottling.sh': 6}",12-0.2,"{'20CPU010Mem2GB.sh': 1, '22CPU05Mem2GB.sh': 1, '23CPU05Mem4GB.sh': 1, '24CPU1Mem4GB.sh': 1, '25CPU1Mem8GB.sh': 1, '26CPU2Mem4GB.sh': 1, '27CPU2Mem8GB.sh': 2, '28CPU2Mem16GB.sh': 1, '29CPU4Mem8GB.sh': 2, '01noThrottling.sh': 1}"
assertj-core_dot_0.2,1-0.2,{'26CPU2Mem4GB.sh': 1},12-0.2,"{'19CPU010Mem1GB.sh': 1, '20CPU010Mem2GB.sh': 1, '21CPU025Mem2GB.sh': 1, '22CPU05Mem2GB.sh': 1, '23CPU05Mem4GB.sh': 1, '24CPU1Mem4GB.sh': 1, '25CPU1Mem8GB.sh': 1, '26CPU2Mem4GB.sh': 1, '27CPU2Mem8GB.sh': 1, '28CPU2Mem16GB.sh': 1, '29CPU4Mem8GB.sh': 1, '01noThrottling.sh': 1}",6-0.2,"{'29CPU4Mem8GB.sh': 5, '01noThrottling.sh': 1}",12-0.2,"{'19CPU010Mem1GB.sh': 1, '20CPU010Mem2GB.sh': 1, '21CPU025Mem2GB.sh': 1, '22CPU05Mem2GB.sh': 1, '23CPU05Mem4GB.sh': 1, '24CPU1Mem4GB.sh': 1, '25CPU1Mem8GB.sh': 1, '26CPU2Mem4GB.sh': 1, '27CPU2Mem8GB.sh': 1, '28CPU2Mem16GB.sh': 1, '29CPU4Mem8GB.sh': 1, '01noThrottling.sh': 1}"
carbon-apimgt_analyzer-modules.org.wso2.carbon.apimgt.throttling.siddhi.extension_0.2,1-0.2,{'19CPU010Mem1GB.sh': 1},2-0.2,{'19CPU010Mem1GB.sh': 2},1-0.2,{'29CPU4Mem8GB.sh': 1},2-0.2,"{'29CPU4Mem8GB.sh': 1, '25CPU1Mem8GB.sh': 1}"
commons-exec_dot_0.2,1-0.2,{'19CPU010Mem1GB.sh': 1},8-0.2,"{'19CPU010Mem1GB.sh': 1, '21CPU025Mem2GB.sh': 1, '22CPU05Mem2GB.sh': 1, '23CPU05Mem4GB.sh': 1, '24CPU1Mem4GB.sh': 1, '25CPU1Mem8GB.sh': 1, '26CPU2Mem4GB.sh': 1, '29CPU4Mem8GB.sh': 1}",8-0.2,{'01noThrottling.sh': 8},2-0.2,"{'29CPU4Mem8GB.sh': 1, '26CPU2Mem4GB.sh': 1}"
db-scheduler_dot_0.2,1-0.2,{'22CPU05Mem2GB.sh': 1},6-0.2,"{'19CPU010Mem1GB.sh': 1, '22CPU05Mem2GB.sh': 2, '23CPU05Mem4GB.sh': 1, '26CPU2Mem4GB.sh': 1, '27CPU2Mem8GB.sh': 1}",6-0.2,{'29CPU4Mem8GB.sh': 6},8-0.2,"{'24CPU1Mem4GB.sh': 1, '26CPU2Mem4GB.sh': 1, '27CPU2Mem8GB.sh': 1, '28CPU2Mem16GB.sh': 1, '29CPU4Mem8GB.sh': 2, '01noThrottling.sh': 2}"
delight-nashorn-sandbox_dot_0.2,1-0.2,{'26CPU2Mem4GB.sh': 1},8-0.2,"{'22CPU05Mem2GB.sh': 2, '24CPU1Mem4GB.sh': 1, '26CPU2Mem4GB.sh': 3, '27CPU2Mem8GB.sh': 1, '28CPU2Mem16GB.sh': 1}",4-0.2,"{'29CPU4Mem8GB.sh': 2, '01noThrottling.sh': 1, '26CPU2Mem4GB.sh': 1}",6-0.2,"{'23CPU05Mem4GB.sh': 1, '26CPU2Mem4GB.sh': 1, '28CPU2Mem16GB.sh': 1, '29CPU4Mem8GB.sh': 2, '01noThrottling.sh': 1}"
elastic-job-lite_dot_0.2,1-0.2,{'22CPU05Mem2GB.sh': 1},12-0.2,"{'19CPU010Mem1GB.sh': 1, '20CPU010Mem2GB.sh': 1, '21CPU025Mem2GB.sh': 1, '22CPU05Mem2GB.sh': 1, '23CPU05Mem4GB.sh': 1, '24CPU1Mem4GB.sh': 1, '25CPU1Mem8GB.sh': 1, '26CPU2Mem4GB.sh': 2, '27CPU2Mem8GB.sh': 1, '28CPU2Mem16GB.sh': 1, '29CPU4Mem8GB.sh': 1}",10-0.2,{'01noThrottling.sh': 10},12-0.2,"{'19CPU010Mem1GB.sh': 1, '21CPU025Mem2GB.sh': 1, '22CPU05Mem2GB.sh': 1, '23CPU05Mem4GB.sh': 1, '24CPU1Mem4GB.sh': 1, '25CPU1Mem8GB.sh': 1, '26CPU2Mem4GB.sh': 1, '27CPU2Mem8GB.sh': 1, '28CPU2Mem16GB.sh': 1, '29CPU4Mem8GB.sh': 1, '01noThrottling.sh': 2}"
elastic-job-lite_elastic-job-lite-core_0.2,1-0.2,{'22CPU05Mem2GB.sh': 1},10-0.2,"{'19CPU010Mem1GB.sh': 1, '21CPU025Mem2GB.sh': 1, '22CPU05Mem2GB.sh': 1, '23CPU05Mem4GB.sh': 1, '24CPU1Mem4GB.sh': 1, '25CPU1Mem8GB.sh': 1, '26CPU2Mem4GB.sh': 1, '27CPU2Mem8GB.sh': 1, '28CPU2Mem16GB.sh': 1, '29CPU4Mem8GB.sh': 1}",4-0.2,"{'29CPU4Mem8GB.sh': 1, '01noThrottling.sh': 3}",6-0.2,"{'19CPU010Mem1GB.sh': 1, '21CPU025Mem2GB.sh': 1, '26CPU2Mem4GB.sh': 1, '27CPU2Mem8GB.sh': 1, '29CPU4Mem8GB.sh': 1, '01noThrottling.sh': 1}"
esper_examples.rfidassetzone_0.2,1-0.2,{'22CPU05Mem2GB.sh': 1},2-0.2,"{'19CPU010Mem1GB.sh': 1, '26CPU2Mem4GB.sh': 1}",1-0.2,{'01noThrottling.sh': 1},1-0.2,{'01noThrottling.sh': 1}
fastjson_dot_0.2,1-0.2,{'22CPU05Mem2GB.sh': 1},12-0.2,"{'19CPU010Mem1GB.sh': 1, '20CPU010Mem2GB.sh': 1, '21CPU025Mem2GB.sh': 1, '22CPU05Mem2GB.sh': 1, '23CPU05Mem4GB.sh': 1, '24CPU1Mem4GB.sh': 1, '25CPU1Mem8GB.sh': 1, '26CPU2Mem4GB.sh': 1, '27CPU2Mem8GB.sh': 1, '28CPU2Mem16GB.sh': 1, '29CPU4Mem8GB.sh': 1, '01noThrottling.sh': 1}",4-0.2,"{'29CPU4Mem8GB.sh': 1, '01noThrottling.sh': 3}",12-0.2,"{'19CPU010Mem1GB.sh': 1, '20CPU010Mem2GB.sh': 1, '21CPU025Mem2GB.sh': 1, '22CPU05Mem2GB.sh': 1, '23CPU05Mem4GB.sh': 1, '24CPU1Mem4GB.sh': 1, '25CPU1Mem8GB.sh': 1, '26CPU2Mem4GB.sh': 1, '27CPU2Mem8GB.sh': 1, '28CPU2Mem16GB.sh': 1, '29CPU4Mem8GB.sh': 1, '01noThrottling.sh': 1}"
fluent-logger-java_dot_0.2,2-0.2,"{'19CPU010Mem1GB.sh': 1, '22CPU05Mem2GB.sh': 1}",4-0.2,"{'19CPU010Mem1GB.sh': 2, '21CPU025Mem2GB.sh': 1, '22CPU05Mem2GB.sh': 1}",6-0.2,"{'26CPU2Mem4GB.sh': 1, '27CPU2Mem8GB.sh': 1, '28CPU2Mem16GB.sh': 1, '29CPU4Mem8GB.sh': 1, '01noThrottling.sh': 2}",12-0.2,"{'21CPU025Mem2GB.sh': 2, '22CPU05Mem2GB.sh': 2, '23CPU05Mem4GB.sh': 1, '25CPU1Mem8GB.sh': 2, '27CPU2Mem8GB.sh': 1, '28CPU2Mem16GB.sh': 2, '29CPU4Mem8GB.sh': 1, '01noThrottling.sh': 1}"
handlebars.java_dot_0.2,1-0.2,{'26CPU2Mem4GB.sh': 1},12-0.2,"{'19CPU010Mem1GB.sh': 1, '21CPU025Mem2GB.sh': 1, '22CPU05Mem2GB.sh': 1, '23CPU05Mem4GB.sh': 1, '24CPU1Mem4GB.sh': 1, '25CPU1Mem8GB.sh': 1, '26CPU2Mem4GB.sh': 3, '27CPU2Mem8GB.sh': 1, '28CPU2Mem16GB.sh': 1, '29CPU4Mem8GB.sh': 1}",12-0.2,{'29CPU4Mem8GB.sh': 12},10-0.2,"{'19CPU010Mem1GB.sh': 1, '22CPU05Mem2GB.sh': 1, '23CPU05Mem4GB.sh': 1, '24CPU1Mem4GB.sh': 1, '25CPU1Mem8GB.sh': 1, '26CPU2Mem4GB.sh': 1, '27CPU2Mem8GB.sh': 1, '28CPU2Mem16GB.sh': 1, '29CPU4Mem8GB.sh': 1, '01noThrottling.sh': 1}"
http-request_dot_0.2,1-0.2,{'26CPU2Mem4GB.sh': 1},10-0.2,"{'19CPU010Mem1GB.sh': 1, '21CPU025Mem2GB.sh': 1, '22CPU05Mem2GB.sh': 1, '23CPU05Mem4GB.sh': 1, '24CPU1Mem4GB.sh': 1, '25CPU1Mem8GB.sh': 2, '26CPU2Mem4GB.sh': 1, '27CPU2Mem8GB.sh': 1, '28CPU2Mem16GB.sh': 1}",12-0.2,{'29CPU4Mem8GB.sh': 12},12-0.2,"{'24CPU1Mem4GB.sh': 1, '25CPU1Mem8GB.sh': 1, '26CPU2Mem4GB.sh': 1, '27CPU2Mem8GB.sh': 3, '28CPU2Mem16GB.sh': 2, '29CPU4Mem8GB.sh': 2, '01noThrottling.sh': 2}"
httpcore_dot_0.2,1-0.2,{'22CPU05Mem2GB.sh': 1},10-0.2,"{'19CPU010Mem1GB.sh': 1, '20CPU010Mem2GB.sh': 1, '21CPU025Mem2GB.sh': 1, '22CPU05Mem2GB.sh': 1, '23CPU05Mem4GB.sh': 1, '24CPU1Mem4GB.sh': 1, '25CPU1Mem8GB.sh': 1, '26CPU2Mem4GB.sh': 1, '27CPU2Mem8GB.sh': 1, '28CPU2Mem16GB.sh': 1}",4-0.2,"{'01noThrottling.sh': 3, '26CPU2Mem4GB.sh': 1}",12-0.2,"{'20CPU010Mem2GB.sh': 1, '21CPU025Mem2GB.sh': 1, '22CPU05Mem2GB.sh': 1, '23CPU05Mem4GB.sh': 1, '24CPU1Mem4GB.sh': 1, '25CPU1Mem8GB.sh': 1, '26CPU2Mem4GB.sh': 1, '27CPU2Mem8GB.sh': 1, '28CPU2Mem16GB.sh': 1, '29CPU4Mem8GB.sh': 1, '01noThrottling.sh': 2}"
hutool_hutool-cron_0.2,1-0.2,{'26CPU2Mem4GB.sh': 1},2-0.2,{'26CPU2Mem4GB.sh': 2},2-0.2,"{'29CPU4Mem8GB.sh': 1, '01noThrottling.sh': 1}",4-0.2,"{'27CPU2Mem8GB.sh': 1, '28CPU2Mem16GB.sh': 1, '01noThrottling.sh': 1, '26CPU2Mem4GB.sh': 1}"
incubator-dubbo_dubbo-remoting.dubbo-remoting-netty_0.2,1-0.2,{'19CPU010Mem1GB.sh': 1},6-0.2,"{'19CPU010Mem1GB.sh': 1, '22CPU05Mem2GB.sh': 1, '24CPU1Mem4GB.sh': 1, '25CPU1Mem8GB.sh': 1, '26CPU2Mem4GB.sh': 2}",4-0.2,{'29CPU4Mem8GB.sh': 4},8-0.2,"{'24CPU1Mem4GB.sh': 1, '25CPU1Mem8GB.sh': 1, '26CPU2Mem4GB.sh': 1, '27CPU2Mem8GB.sh': 1, '28CPU2Mem16GB.sh': 1, '29CPU4Mem8GB.sh': 2, '01noThrottling.sh': 1}"
incubator-dubbo_dubbo-rpc.dubbo-rpc-dubbo_0.2,1-0.2,{'19CPU010Mem1GB.sh': 1},8-0.2,"{'19CPU010Mem1GB.sh': 2, '21CPU025Mem2GB.sh': 1, '22CPU05Mem2GB.sh': 2, '24CPU1Mem4GB.sh': 1, '26CPU2Mem4GB.sh': 1, '27CPU2Mem8GB.sh': 1}",8-0.2,"{'01noThrottling.sh': 7, '26CPU2Mem4GB.sh': 1}",10-0.2,"{'21CPU025Mem2GB.sh': 1, '22CPU05Mem2GB.sh': 1, '23CPU05Mem4GB.sh': 1, '24CPU1Mem4GB.sh': 1, '25CPU1Mem8GB.sh': 1, '26CPU2Mem4GB.sh': 1, '27CPU2Mem8GB.sh': 1, '28CPU2Mem16GB.sh': 1, '29CPU4Mem8GB.sh': 1, '01noThrottling.sh': 1}"
logback_dot_0.2,2-0.2,"{'19CPU010Mem1GB.sh': 1, '26CPU2Mem4GB.sh': 1}",12-0.2,"{'19CPU010Mem1GB.sh': 1, '20CPU010Mem2GB.sh': 1, '21CPU025Mem2GB.sh': 1, '22CPU05Mem2GB.sh': 1, '23CPU05Mem4GB.sh': 1, '24CPU1Mem4GB.sh': 1, '25CPU1Mem8GB.sh': 1, '26CPU2Mem4GB.sh': 2, '27CPU2Mem8GB.sh': 1, '28CPU2Mem16GB.sh': 1, '01noThrottling.sh': 1}",6-0.2,"{'22CPU05Mem2GB.sh': 1, '29CPU4Mem8GB.sh': 1, '01noThrottling.sh': 4}",12-0.2,"{'19CPU010Mem1GB.sh': 1, '20CPU010Mem2GB.sh': 1, '21CPU025Mem2GB.sh': 1, '22CPU05Mem2GB.sh': 1, '23CPU05Mem4GB.sh': 1, '24CPU1Mem4GB.sh': 1, '25CPU1Mem8GB.sh': 1, '26CPU2Mem4GB.sh': 1, '27CPU2Mem8GB.sh': 1, '28CPU2Mem16GB.sh': 1, '29CPU4Mem8GB.sh': 1, '01noThrottling.sh': 1}"
luwak_luwak_0.2,1-0.2,{'22CPU05Mem2GB.sh': 1},12-0.2,"{'19CPU010Mem1GB.sh': 1, '21CPU025Mem2GB.sh': 1, '22CPU05Mem2GB.sh': 1, '23CPU05Mem4GB.sh': 1, '24CPU1Mem4GB.sh': 1, '25CPU1Mem8GB.sh': 1, '26CPU2Mem4GB.sh': 2, '27CPU2Mem8GB.sh': 2, '28CPU2Mem16GB.sh': 1, '01noThrottling.sh': 1}",2-0.2,"{'29CPU4Mem8GB.sh': 1, '01noThrottling.sh': 1}",10-0.2,"{'22CPU05Mem2GB.sh': 1, '24CPU1Mem4GB.sh': 1, '25CPU1Mem8GB.sh': 1, '26CPU2Mem4GB.sh': 1, '27CPU2Mem8GB.sh': 1, '28CPU2Mem16GB.sh': 2, '29CPU4Mem8GB.sh': 2, '01noThrottling.sh': 1}"
noxy_noxy-discovery-zookeeper_0.2,1-0.2,{'26CPU2Mem4GB.sh': 1},2-0.2,"{'19CPU010Mem1GB.sh': 1, '26CPU2Mem4GB.sh': 1}",1-0.2,{'01noThrottling.sh': 1},4-0.2,"{'19CPU010Mem1GB.sh': 1, '27CPU2Mem8GB.sh': 2, '01noThrottling.sh': 1}"
orbit_dot_0.2,1-0.2,{'21CPU025Mem2GB.sh': 1},12-0.2,"{'19CPU010Mem1GB.sh': 2, '21CPU025Mem2GB.sh': 1, '22CPU05Mem2GB.sh': 2, '24CPU1Mem4GB.sh': 2, '26CPU2Mem4GB.sh': 2, '27CPU2Mem8GB.sh': 1, '28CPU2Mem16GB.sh': 1, '01noThrottling.sh': 1}",10-0.2,{'29CPU4Mem8GB.sh': 10},12-0.2,"{'20CPU010Mem2GB.sh': 1, '23CPU05Mem4GB.sh': 1, '24CPU1Mem4GB.sh': 1, '25CPU1Mem8GB.sh': 1, '26CPU2Mem4GB.sh': 1, '27CPU2Mem8GB.sh': 2, '28CPU2Mem16GB.sh': 1, '29CPU4Mem8GB.sh': 3, '01noThrottling.sh': 1}"
retrofit_retrofit-adapters.rxjava_0.2,1-0.2,{'22CPU05Mem2GB.sh': 1},8-0.2,"{'19CPU010Mem1GB.sh': 1, '21CPU025Mem2GB.sh': 1, '22CPU05Mem2GB.sh': 1, '24CPU1Mem4GB.sh': 1, '25CPU1Mem8GB.sh': 1, '26CPU2Mem4GB.sh': 2, '27CPU2Mem8GB.sh': 1}",12-0.2,"{'29CPU4Mem8GB.sh': 11, '01noThrottling.sh': 1}",10-0.2,"{'19CPU010Mem1GB.sh': 1, '20CPU010Mem2GB.sh': 1, '23CPU05Mem4GB.sh': 1, '24CPU1Mem4GB.sh': 1, '25CPU1Mem8GB.sh': 1, '26CPU2Mem4GB.sh': 1, '27CPU2Mem8GB.sh': 1, '28CPU2Mem16GB.sh': 1, '29CPU4Mem8GB.sh': 1, '01noThrottling.sh': 1}"
retrofit_retrofit_0.2,1-0.2,{'26CPU2Mem4GB.sh': 1},12-0.2,"{'19CPU010Mem1GB.sh': 1, '21CPU025Mem2GB.sh': 1, '22CPU05Mem2GB.sh': 1, '23CPU05Mem4GB.sh': 1, '24CPU1Mem4GB.sh': 1, '25CPU1Mem8GB.sh': 1, '26CPU2Mem4GB.sh': 2, '27CPU2Mem8GB.sh': 2, '28CPU2Mem16GB.sh': 1, '29CPU4Mem8GB.sh': 1}",8-0.2,{'01noThrottling.sh': 8},12-0.2,"{'19CPU010Mem1GB.sh': 1, '21CPU025Mem2GB.sh': 1, '24CPU1Mem4GB.sh': 1, '25CPU1Mem8GB.sh': 1, '26CPU2Mem4GB.sh': 3, '27CPU2Mem8GB.sh': 1, '28CPU2Mem16GB.sh': 1, '29CPU4Mem8GB.sh': 1, '01noThrottling.sh': 2}"
rxjava2-extras_dot_0.2,2-0.2,"{'19CPU010Mem1GB.sh': 1, '22CPU05Mem2GB.sh': 1}",12-0.2,"{'19CPU010Mem1GB.sh': 2, '20CPU010Mem2GB.sh': 1, '21CPU025Mem2GB.sh': 1, '22CPU05Mem2GB.sh': 1, '23CPU05Mem4GB.sh': 1, '24CPU1Mem4GB.sh': 2, '25CPU1Mem8GB.sh': 1, '26CPU2Mem4GB.sh': 1, '27CPU2Mem8GB.sh': 1, '28CPU2Mem16GB.sh': 1}",10-0.2,"{'29CPU4Mem8GB.sh': 9, '01noThrottling.sh': 1}",10-0.2,"{'19CPU010Mem1GB.sh': 1, '22CPU05Mem2GB.sh': 1, '23CPU05Mem4GB.sh': 1, '24CPU1Mem4GB.sh': 1, '25CPU1Mem8GB.sh': 1, '26CPU2Mem4GB.sh': 1, '27CPU2Mem8GB.sh': 1, '28CPU2Mem16GB.sh': 1, '29CPU4Mem8GB.sh': 1, '01noThrottling.sh': 1}"
spring-boot_dot_0.2,1-0.2,{'22CPU05Mem2GB.sh': 1},12-0.2,"{'19CPU010Mem1GB.sh': 1, '20CPU010Mem2GB.sh': 1, '21CPU025Mem2GB.sh': 1, '22CPU05Mem2GB.sh': 1, '23CPU05Mem4GB.sh': 1, '24CPU1Mem4GB.sh': 1, '25CPU1Mem8GB.sh': 1, '26CPU2Mem4GB.sh': 2, '27CPU2Mem8GB.sh': 1, '28CPU2Mem16GB.sh': 1, '29CPU4Mem8GB.sh': 1}",12-0.2,{'29CPU4Mem8GB.sh': 12},12-0.2,"{'21CPU025Mem2GB.sh': 1, '22CPU05Mem2GB.sh': 1, '23CPU05Mem4GB.sh': 1, '24CPU1Mem4GB.sh': 1, '25CPU1Mem8GB.sh': 1, '26CPU2Mem4GB.sh': 2, '27CPU2Mem8GB.sh': 1, '28CPU2Mem16GB.sh': 1, '29CPU4Mem8GB.sh': 2, '01noThrottling.sh': 1}"
timely_server_0.2,1-0.2,{'26CPU2Mem4GB.sh': 1},10-0.2,"{'22CPU05Mem2GB.sh': 1, '23CPU05Mem4GB.sh': 1, '24CPU1Mem4GB.sh': 1, '25CPU1Mem8GB.sh': 1, '26CPU2Mem4GB.sh': 3, '27CPU2Mem8GB.sh': 1, '28CPU2Mem16GB.sh': 1, '29CPU4Mem8GB.sh': 1}",4-0.2,"{'29CPU4Mem8GB.sh': 1, '01noThrottling.sh': 3}",12-0.2,"{'20CPU010Mem2GB.sh': 1, '25CPU1Mem8GB.sh': 2, '26CPU2Mem4GB.sh': 2, '27CPU2Mem8GB.sh': 1, '28CPU2Mem16GB.sh': 2, '29CPU4Mem8GB.sh': 3, '01noThrottling.sh': 1}"
wro4j_wro4j-extensions_0.2,1-0.2,{'26CPU2Mem4GB.sh': 1},12-0.2,"{'21CPU025Mem2GB.sh': 1, '22CPU05Mem2GB.sh': 1, '23CPU05Mem4GB.sh': 1, '24CPU1Mem4GB.sh': 1, '25CPU1Mem8GB.sh': 1, '26CPU2Mem4GB.sh': 2, '27CPU2Mem8GB.sh': 1, '28CPU2Mem16GB.sh': 1, '29CPU4Mem8GB.sh': 2, '01noThrottling.sh': 1}",6-0.2,"{'29CPU4Mem8GB.sh': 5, '01noThrottling.sh': 1}",12-0.2,"{'23CPU05Mem4GB.sh': 2, '24CPU1Mem4GB.sh': 2, '25CPU1Mem8GB.sh': 1, '26CPU2Mem4GB.sh': 1, '27CPU2Mem8GB.sh': 2, '28CPU2Mem16GB.sh': 1, '29CPU4Mem8GB.sh': 2, '01noThrottling.sh': 1}"
yawp_yawp-testing.yawp-testing-appengine_0.2,1-0.2,{'22CPU05Mem2GB.sh': 1},1-0.2,{'26CPU2Mem4GB.sh': 1},1-0.2,{'29CPU4Mem8GB.sh': 1},1-0.2,{'01noThrottling.sh': 1}
zxing_dot_0.2,1-0.2,{'24CPU1Mem4GB.sh': 1},12-0.2,"{'19CPU010Mem1GB.sh': 1, '21CPU025Mem2GB.sh': 1, '22CPU05Mem2GB.sh': 1, '23CPU05Mem4GB.sh': 1, '24CPU1Mem4GB.sh': 2, '25CPU1Mem8GB.sh': 1, '26CPU2Mem4GB.sh': 1, '27CPU2Mem8GB.sh': 2, '28CPU2Mem16GB.sh': 1, '29CPU4Mem8GB.sh': 1}",2-0.2,"{'29CPU4Mem8GB.sh': 1, '01noThrottling.sh': 1}",12-0.2,"{'21CPU025Mem2GB.sh': 1, '22CPU05Mem2GB.sh': 1, '23CPU05Mem4GB.sh': 1, '24CPU1Mem4GB.sh': 2, '25CPU1Mem8GB.sh': 1, '26CPU2Mem4GB.sh': 1, '27CPU2Mem8GB.sh': 1, '28CPU2Mem16GB.sh': 1, '29CPU4Mem8GB.sh': 1, '01noThrottling.sh': 2}"
activiti_dot_0.4,1-0.4,{'22CPU05Mem2GB.sh': 1},12-0.4,"{'19CPU010Mem1GB.sh': 1, '20CPU010Mem2GB.sh': 1, '21CPU025Mem2GB.sh': 2, '22CPU05Mem2GB.sh': 1, '23CPU05Mem4GB.sh': 2, '24CPU1Mem4GB.sh': 1, '25CPU1Mem8GB.sh': 1, '26CPU2Mem4GB.sh': 2, '27CPU2Mem8GB.sh': 1}",12-0.4,"{'29CPU4Mem8GB.sh': 1, '01noThrottling.sh': 11}",12-0.4,"{'20CPU010Mem2GB.sh': 1, '22CPU05Mem2GB.sh': 1, '23CPU05Mem4GB.sh': 1, '24CPU1Mem4GB.sh': 1, '25CPU1Mem8GB.sh': 1, '26CPU2Mem4GB.sh': 1, '27CPU2Mem8GB.sh': 1, '28CPU2Mem16GB.sh': 1, '29CPU4Mem8GB.sh': 2, '01noThrottling.sh': 2}"
assertj-core_dot_0.4,1-0.4,{'26CPU2Mem4GB.sh': 1},12-0.4,"{'19CPU010Mem1GB.sh': 1, '20CPU010Mem2GB.sh': 1, '21CPU025Mem2GB.sh': 1, '22CPU05Mem2GB.sh': 1, '23CPU05Mem4GB.sh': 1, '24CPU1Mem4GB.sh': 1, '25CPU1Mem8GB.sh': 1, '26CPU2Mem4GB.sh': 1, '27CPU2Mem8GB.sh': 1, '28CPU2Mem16GB.sh': 1, '29CPU4Mem8GB.sh': 1, '01noThrottling.sh': 1}",12-0.4,"{'29CPU4Mem8GB.sh': 11, '01noThrottling.sh': 1}",12-0.4,"{'19CPU010Mem1GB.sh': 1, '20CPU010Mem2GB.sh': 1, '21CPU025Mem2GB.sh': 1, '22CPU05Mem2GB.sh': 1, '23CPU05Mem4GB.sh': 1, '24CPU1Mem4GB.sh': 1, '25CPU1Mem8GB.sh': 1, '26CPU2Mem4GB.sh': 1, '27CPU2Mem8GB.sh': 1, '28CPU2Mem16GB.sh': 1, '29CPU4Mem8GB.sh': 1, '01noThrottling.sh': 1}"
carbon-apimgt_analyzer-modules.org.wso2.carbon.apimgt.throttling.siddhi.extension_0.4,1-0.4,{'19CPU010Mem1GB.sh': 1},2-0.4,{'19CPU010Mem1GB.sh': 2},1-0.4,{'29CPU4Mem8GB.sh': 1},2-0.4,"{'29CPU4Mem8GB.sh': 1, '25CPU1Mem8GB.sh': 1}"
commons-exec_dot_0.4,1-0.4,{'19CPU010Mem1GB.sh': 1},8-0.4,"{'19CPU010Mem1GB.sh': 1, '21CPU025Mem2GB.sh': 1, '22CPU05Mem2GB.sh': 2, '23CPU05Mem4GB.sh': 1, '24CPU1Mem4GB.sh': 1, '25CPU1Mem8GB.sh': 1, '26CPU2Mem4GB.sh': 1}",8-0.4,{'01noThrottling.sh': 8},2-0.4,"{'29CPU4Mem8GB.sh': 1, '26CPU2Mem4GB.sh': 1}"
db-scheduler_dot_0.4,1-0.4,{'22CPU05Mem2GB.sh': 1},6-0.4,"{'19CPU010Mem1GB.sh': 1, '22CPU05Mem2GB.sh': 1, '23CPU05Mem4GB.sh': 1, '26CPU2Mem4GB.sh': 2, '27CPU2Mem8GB.sh': 1}",6-0.4,{'29CPU4Mem8GB.sh': 6},6-0.4,"{'24CPU1Mem4GB.sh': 1, '26CPU2Mem4GB.sh': 1, '27CPU2Mem8GB.sh': 1, '28CPU2Mem16GB.sh': 1, '29CPU4Mem8GB.sh': 1, '01noThrottling.sh': 1}"
delight-nashorn-sandbox_dot_0.4,1-0.4,{'26CPU2Mem4GB.sh': 1},8-0.4,"{'21CPU025Mem2GB.sh': 1, '22CPU05Mem2GB.sh': 2, '24CPU1Mem4GB.sh': 1, '26CPU2Mem4GB.sh': 3, '01noThrottling.sh': 1}",10-0.4,"{'29CPU4Mem8GB.sh': 8, '01noThrottling.sh': 1, '26CPU2Mem4GB.sh': 1}",8-0.4,"{'25CPU1Mem8GB.sh': 1, '26CPU2Mem4GB.sh': 1, '27CPU2Mem8GB.sh': 1, '28CPU2Mem16GB.sh': 1, '29CPU4Mem8GB.sh': 3, '01noThrottling.sh': 1}"
elastic-job-lite_dot_0.4,1-0.4,{'22CPU05Mem2GB.sh': 1},12-0.4,"{'19CPU010Mem1GB.sh': 1, '20CPU010Mem2GB.sh': 1, '21CPU025Mem2GB.sh': 1, '22CPU05Mem2GB.sh': 1, '23CPU05Mem4GB.sh': 1, '24CPU1Mem4GB.sh': 1, '25CPU1Mem8GB.sh': 1, '26CPU2Mem4GB.sh': 2, '27CPU2Mem8GB.sh': 1, '28CPU2Mem16GB.sh': 1, '29CPU4Mem8GB.sh': 1}",10-0.4,{'01noThrottling.sh': 10},12-0.4,"{'19CPU010Mem1GB.sh': 1, '21CPU025Mem2GB.sh': 1, '22CPU05Mem2GB.sh': 1, '23CPU05Mem4GB.sh': 1, '24CPU1Mem4GB.sh': 1, '25CPU1Mem8GB.sh': 1, '26CPU2Mem4GB.sh': 1, '27CPU2Mem8GB.sh': 1, '28CPU2Mem16GB.sh': 1, '29CPU4Mem8GB.sh': 1, '01noThrottling.sh': 2}"
elastic-job-lite_elastic-job-lite-core_0.4,1-0.4,{'22CPU05Mem2GB.sh': 1},10-0.4,"{'19CPU010Mem1GB.sh': 1, '21CPU025Mem2GB.sh': 1, '22CPU05Mem2GB.sh': 1, '23CPU05Mem4GB.sh': 1, '24CPU1Mem4GB.sh': 1, '25CPU1Mem8GB.sh': 1, '26CPU2Mem4GB.sh': 1, '27CPU2Mem8GB.sh': 1, '28CPU2Mem16GB.sh': 1, '01noThrottling.sh': 1}",4-0.4,"{'29CPU4Mem8GB.sh': 1, '01noThrottling.sh': 3}",6-0.4,"{'19CPU010Mem1GB.sh': 1, '21CPU025Mem2GB.sh': 1, '26CPU2Mem4GB.sh': 1, '27CPU2Mem8GB.sh': 1, '29CPU4Mem8GB.sh': 1, '01noThrottling.sh': 1}"
esper_examples.rfidassetzone_0.4,1-0.4,{'22CPU05Mem2GB.sh': 1},2-0.4,"{'19CPU010Mem1GB.sh': 1, '26CPU2Mem4GB.sh': 1}",1-0.4,{'01noThrottling.sh': 1},1-0.4,{'01noThrottling.sh': 1}
fastjson_dot_0.4,1-0.4,{'22CPU05Mem2GB.sh': 1},12-0.4,"{'19CPU010Mem1GB.sh': 1, '20CPU010Mem2GB.sh': 1, '21CPU025Mem2GB.sh': 1, '22CPU05Mem2GB.sh': 1, '23CPU05Mem4GB.sh': 1, '24CPU1Mem4GB.sh': 1, '25CPU1Mem8GB.sh': 1, '26CPU2Mem4GB.sh': 1, '27CPU2Mem8GB.sh': 1, '28CPU2Mem16GB.sh': 1, '29CPU4Mem8GB.sh': 1, '01noThrottling.sh': 1}",2-0.4,"{'29CPU4Mem8GB.sh': 1, '01noThrottling.sh': 1}",10-0.4,"{'21CPU025Mem2GB.sh': 1, '22CPU05Mem2GB.sh': 1, '23CPU05Mem4GB.sh': 1, '24CPU1Mem4GB.sh': 1, '25CPU1Mem8GB.sh': 1, '26CPU2Mem4GB.sh': 1, '27CPU2Mem8GB.sh': 1, '28CPU2Mem16GB.sh': 1, '29CPU4Mem8GB.sh': 1, '01noThrottling.sh': 1}"
fluent-logger-java_dot_0.4,2-0.4,"{'19CPU010Mem1GB.sh': 1, '22CPU05Mem2GB.sh': 1}",6-0.4,"{'19CPU010Mem1GB.sh': 2, '27CPU2Mem8GB.sh': 1, '21CPU025Mem2GB.sh': 2, '22CPU05Mem2GB.sh': 1}",8-0.4,"{'26CPU2Mem4GB.sh': 1, '27CPU2Mem8GB.sh': 2, '28CPU2Mem16GB.sh': 1, '29CPU4Mem8GB.sh': 1, '01noThrottling.sh': 3}",12-0.4,"{'19CPU010Mem1GB.sh': 1, '20CPU010Mem2GB.sh': 1, '22CPU05Mem2GB.sh': 2, '24CPU1Mem4GB.sh': 1, '25CPU1Mem8GB.sh': 1, '26CPU2Mem4GB.sh': 1, '27CPU2Mem8GB.sh': 1, '28CPU2Mem16GB.sh': 1, '29CPU4Mem8GB.sh': 2, '01noThrottling.sh': 1}"
handlebars.java_dot_0.4,1-0.4,{'26CPU2Mem4GB.sh': 1},12-0.4,"{'19CPU010Mem1GB.sh': 1, '21CPU025Mem2GB.sh': 1, '22CPU05Mem2GB.sh': 1, '23CPU05Mem4GB.sh': 1, '24CPU1Mem4GB.sh': 1, '25CPU1Mem8GB.sh': 1, '26CPU2Mem4GB.sh': 3, '27CPU2Mem8GB.sh': 1, '28CPU2Mem16GB.sh': 1, '29CPU4Mem8GB.sh': 1}",12-0.4,{'29CPU4Mem8GB.sh': 12},12-0.4,"{'19CPU010Mem1GB.sh': 1, '22CPU05Mem2GB.sh': 1, '23CPU05Mem4GB.sh': 1, '24CPU1Mem4GB.sh': 2, '25CPU1Mem8GB.sh': 1, '26CPU2Mem4GB.sh': 1, '27CPU2Mem8GB.sh': 1, '28CPU2Mem16GB.sh': 1, '29CPU4Mem8GB.sh': 2, '01noThrottling.sh': 1}"
http-request_dot_0.4,1-0.4,{'26CPU2Mem4GB.sh': 1},10-0.4,"{'19CPU010Mem1GB.sh': 1, '21CPU025Mem2GB.sh': 1, '22CPU05Mem2GB.sh': 1, '23CPU05Mem4GB.sh': 1, '24CPU1Mem4GB.sh': 1, '25CPU1Mem8GB.sh': 1, '26CPU2Mem4GB.sh': 1, '27CPU2Mem8GB.sh': 1, '28CPU2Mem16GB.sh': 1, '29CPU4Mem8GB.sh': 1}",12-0.4,{'29CPU4Mem8GB.sh': 12},12-0.4,"{'24CPU1Mem4GB.sh': 1, '25CPU1Mem8GB.sh': 1, '26CPU2Mem4GB.sh': 1, '27CPU2Mem8GB.sh': 1, '28CPU2Mem16GB.sh': 3, '29CPU4Mem8GB.sh': 2, '01noThrottling.sh': 3}"
httpcore_dot_0.4,1-0.4,{'22CPU05Mem2GB.sh': 1},12-0.4,"{'19CPU010Mem1GB.sh': 2, '20CPU010Mem2GB.sh': 1, '21CPU025Mem2GB.sh': 1, '22CPU05Mem2GB.sh': 1, '23CPU05Mem4GB.sh': 1, '24CPU1Mem4GB.sh': 1, '25CPU1Mem8GB.sh': 1, '26CPU2Mem4GB.sh': 2, '27CPU2Mem8GB.sh': 1, '28CPU2Mem16GB.sh': 1}",4-0.4,"{'01noThrottling.sh': 3, '26CPU2Mem4GB.sh': 1}",12-0.4,"{'20CPU010Mem2GB.sh': 1, '21CPU025Mem2GB.sh': 1, '22CPU05Mem2GB.sh': 1, '23CPU05Mem4GB.sh': 2, '24CPU1Mem4GB.sh': 1, '25CPU1Mem8GB.sh': 1, '26CPU2Mem4GB.sh': 1, '27CPU2Mem8GB.sh': 1, '28CPU2Mem16GB.sh': 1, '29CPU4Mem8GB.sh': 1, '01noThrottling.sh': 1}"
hutool_hutool-cron_0.4,1-0.4,{'26CPU2Mem4GB.sh': 1},2-0.4,{'26CPU2Mem4GB.sh': 2},2-0.4,"{'29CPU4Mem8GB.sh': 1, '01noThrottling.sh': 1}",4-0.4,"{'27CPU2Mem8GB.sh': 1, '28CPU2Mem16GB.sh': 1, '01noThrottling.sh': 1, '26CPU2Mem4GB.sh': 1}"
incubator-dubbo_dubbo-remoting.dubbo-remoting-netty_0.4,1-0.4,{'19CPU010Mem1GB.sh': 1},6-0.4,"{'19CPU010Mem1GB.sh': 1, '22CPU05Mem2GB.sh': 1, '24CPU1Mem4GB.sh': 1, '25CPU1Mem8GB.sh': 1, '26CPU2Mem4GB.sh': 1, '27CPU2Mem8GB.sh': 1}",4-0.4,{'29CPU4Mem8GB.sh': 4},12-0.4,"{'24CPU1Mem4GB.sh': 2, '25CPU1Mem8GB.sh': 3, '26CPU2Mem4GB.sh': 1, '27CPU2Mem8GB.sh': 1, '28CPU2Mem16GB.sh': 1, '29CPU4Mem8GB.sh': 2, '01noThrottling.sh': 2}"
incubator-dubbo_dubbo-rpc.dubbo-rpc-dubbo_0.4,1-0.4,{'19CPU010Mem1GB.sh': 1},8-0.4,"{'19CPU010Mem1GB.sh': 2, '21CPU025Mem2GB.sh': 1, '22CPU05Mem2GB.sh': 1, '24CPU1Mem4GB.sh': 1, '26CPU2Mem4GB.sh': 2, '27CPU2Mem8GB.sh': 1}",4-0.4,"{'01noThrottling.sh': 3, '26CPU2Mem4GB.sh': 1}",10-0.4,"{'21CPU025Mem2GB.sh': 1, '22CPU05Mem2GB.sh': 1, '23CPU05Mem4GB.sh': 1, '24CPU1Mem4GB.sh': 1, '25CPU1Mem8GB.sh': 1, '26CPU2Mem4GB.sh': 1, '27CPU2Mem8GB.sh': 1, '28CPU2Mem16GB.sh': 1, '29CPU4Mem8GB.sh': 1, '01noThrottling.sh': 1}"
logback_dot_0.4,2-0.4,"{'19CPU010Mem1GB.sh': 1, '26CPU2Mem4GB.sh': 1}",12-0.4,"{'19CPU010Mem1GB.sh': 1, '20CPU010Mem2GB.sh': 1, '21CPU025Mem2GB.sh': 1, '22CPU05Mem2GB.sh': 2, '23CPU05Mem4GB.sh': 1, '24CPU1Mem4GB.sh': 1, '25CPU1Mem8GB.sh': 1, '26CPU2Mem4GB.sh': 1, '27CPU2Mem8GB.sh': 1, '28CPU2Mem16GB.sh': 1, '01noThrottling.sh': 1}",4-0.4,"{'01noThrottling.sh': 2, '29CPU4Mem8GB.sh': 1, '22CPU05Mem2GB.sh': 1}",12-0.4,"{'19CPU010Mem1GB.sh': 1, '20CPU010Mem2GB.sh': 1, '21CPU025Mem2GB.sh': 1, '22CPU05Mem2GB.sh': 1, '23CPU05Mem4GB.sh': 1, '24CPU1Mem4GB.sh': 1, '25CPU1Mem8GB.sh': 1, '26CPU2Mem4GB.sh': 1, '27CPU2Mem8GB.sh': 1, '28CPU2Mem16GB.sh': 1, '29CPU4Mem8GB.sh': 1, '01noThrottling.sh': 1}"
luwak_luwak_0.4,1-0.4,{'22CPU05Mem2GB.sh': 1},12-0.4,"{'19CPU010Mem1GB.sh': 2, '21CPU025Mem2GB.sh': 1, '22CPU05Mem2GB.sh': 1, '23CPU05Mem4GB.sh': 1, '24CPU1Mem4GB.sh': 1, '25CPU1Mem8GB.sh': 1, '26CPU2Mem4GB.sh': 2, '27CPU2Mem8GB.sh': 1, '28CPU2Mem16GB.sh': 1, '01noThrottling.sh': 1}",6-0.4,"{'29CPU4Mem8GB.sh': 5, '01noThrottling.sh': 1}",10-0.4,"{'22CPU05Mem2GB.sh': 1, '23CPU05Mem4GB.sh': 1, '24CPU1Mem4GB.sh': 1, '25CPU1Mem8GB.sh': 1, '26CPU2Mem4GB.sh': 1, '27CPU2Mem8GB.sh': 1, '28CPU2Mem16GB.sh': 1, '29CPU4Mem8GB.sh': 2, '01noThrottling.sh': 1}"
noxy_noxy-discovery-zookeeper_0.4,1-0.4,{'26CPU2Mem4GB.sh': 1},2-0.4,"{'19CPU010Mem1GB.sh': 1, '26CPU2Mem4GB.sh': 1}",1-0.4,{'01noThrottling.sh': 1},4-0.4,"{'27CPU2Mem8GB.sh': 2, '21CPU025Mem2GB.sh': 1, '01noThrottling.sh': 1}"
orbit_dot_0.4,1-0.4,{'19CPU010Mem1GB.sh': 1},12-0.4,"{'19CPU010Mem1GB.sh': 1, '21CPU025Mem2GB.sh': 2, '22CPU05Mem2GB.sh': 2, '24CPU1Mem4GB.sh': 1, '26CPU2Mem4GB.sh': 3, '27CPU2Mem8GB.sh': 1, '28CPU2Mem16GB.sh': 1, '29CPU4Mem8GB.sh': 1}",10-0.4,{'29CPU4Mem8GB.sh': 10},12-0.4,"{'19CPU010Mem1GB.sh': 1, '24CPU1Mem4GB.sh': 1, '26CPU2Mem4GB.sh': 1, '27CPU2Mem8GB.sh': 2, '28CPU2Mem16GB.sh': 2, '29CPU4Mem8GB.sh': 2, '01noThrottling.sh': 3}"
retrofit_retrofit-adapters.rxjava_0.4,1-0.4,{'22CPU05Mem2GB.sh': 1},8-0.4,"{'19CPU010Mem1GB.sh': 1, '21CPU025Mem2GB.sh': 1, '22CPU05Mem2GB.sh': 1, '24CPU1Mem4GB.sh': 1, '25CPU1Mem8GB.sh': 1, '26CPU2Mem4GB.sh': 2, '27CPU2Mem8GB.sh': 1}",4-0.4,"{'29CPU4Mem8GB.sh': 3, '01noThrottling.sh': 1}",8-0.4,"{'21CPU025Mem2GB.sh': 1, '24CPU1Mem4GB.sh': 1, '25CPU1Mem8GB.sh': 1, '26CPU2Mem4GB.sh': 1, '27CPU2Mem8GB.sh': 1, '28CPU2Mem16GB.sh': 1, '29CPU4Mem8GB.sh': 1, '01noThrottling.sh': 1}"
retrofit_retrofit_0.4,1-0.4,{'26CPU2Mem4GB.sh': 1},12-0.4,"{'19CPU010Mem1GB.sh': 1, '21CPU025Mem2GB.sh': 1, '22CPU05Mem2GB.sh': 1, '23CPU05Mem4GB.sh': 1, '24CPU1Mem4GB.sh': 1, '25CPU1Mem8GB.sh': 1, '26CPU2Mem4GB.sh': 3, '27CPU2Mem8GB.sh': 1, '28CPU2Mem16GB.sh': 1, '29CPU4Mem8GB.sh': 1}",8-0.4,{'01noThrottling.sh': 8},12-0.4,"{'19CPU010Mem1GB.sh': 1, '21CPU025Mem2GB.sh': 1, '22CPU05Mem2GB.sh': 1, '24CPU1Mem4GB.sh': 1, '25CPU1Mem8GB.sh': 1, '26CPU2Mem4GB.sh': 1, '27CPU2Mem8GB.sh': 1, '28CPU2Mem16GB.sh': 2, '29CPU4Mem8GB.sh': 1, '01noThrottling.sh': 2}"
rxjava2-extras_dot_0.4,2-0.4,"{'19CPU010Mem1GB.sh': 1, '22CPU05Mem2GB.sh': 1}",10-0.4,"{'19CPU010Mem1GB.sh': 1, '20CPU010Mem2GB.sh': 1, '21CPU025Mem2GB.sh': 1, '22CPU05Mem2GB.sh': 1, '23CPU05Mem4GB.sh': 1, '24CPU1Mem4GB.sh': 1, '25CPU1Mem8GB.sh': 1, '26CPU2Mem4GB.sh': 1, '27CPU2Mem8GB.sh': 1, '28CPU2Mem16GB.sh': 1}",8-0.4,"{'29CPU4Mem8GB.sh': 7, '01noThrottling.sh': 1}",10-0.4,"{'19CPU010Mem1GB.sh': 1, '22CPU05Mem2GB.sh': 1, '23CPU05Mem4GB.sh': 1, '24CPU1Mem4GB.sh': 1, '25CPU1Mem8GB.sh': 1, '26CPU2Mem4GB.sh': 1, '27CPU2Mem8GB.sh': 1, '28CPU2Mem16GB.sh': 1, '29CPU4Mem8GB.sh': 1, '01noThrottling.sh': 1}"
spring-boot_dot_0.4,1-0.4,{'22CPU05Mem2GB.sh': 1},12-0.4,"{'19CPU010Mem1GB.sh': 1, '20CPU010Mem2GB.sh': 1, '21CPU025Mem2GB.sh': 1, '22CPU05Mem2GB.sh': 1, '23CPU05Mem4GB.sh': 1, '24CPU1Mem4GB.sh': 1, '25CPU1Mem8GB.sh': 1, '26CPU2Mem4GB.sh': 2, '27CPU2Mem8GB.sh': 1, '28CPU2Mem16GB.sh': 1, '29CPU4Mem8GB.sh': 1}",12-0.4,{'29CPU4Mem8GB.sh': 12},12-0.4,"{'21CPU025Mem2GB.sh': 1, '22CPU05Mem2GB.sh': 1, '23CPU05Mem4GB.sh': 1, '24CPU1Mem4GB.sh': 1, '25CPU1Mem8GB.sh': 1, '26CPU2Mem4GB.sh': 1, '27CPU2Mem8GB.sh': 2, '28CPU2Mem16GB.sh': 1, '29CPU4Mem8GB.sh': 2, '01noThrottling.sh': 1}"
timely_server_0.4,1-0.4,{'26CPU2Mem4GB.sh': 1},12-0.4,"{'22CPU05Mem2GB.sh': 1, '23CPU05Mem4GB.sh': 1, '24CPU1Mem4GB.sh': 1, '25CPU1Mem8GB.sh': 1, '26CPU2Mem4GB.sh': 3, '27CPU2Mem8GB.sh': 2, '28CPU2Mem16GB.sh': 1, '29CPU4Mem8GB.sh': 2}",12-0.4,"{'29CPU4Mem8GB.sh': 1, '01noThrottling.sh': 11}",8-0.4,"{'25CPU1Mem8GB.sh': 1, '26CPU2Mem4GB.sh': 2, '27CPU2Mem8GB.sh': 1, '28CPU2Mem16GB.sh': 1, '29CPU4Mem8GB.sh': 2, '01noThrottling.sh': 1}"
wro4j_wro4j-extensions_0.4,1-0.4,{'26CPU2Mem4GB.sh': 1},12-0.4,"{'21CPU025Mem2GB.sh': 1, '22CPU05Mem2GB.sh': 1, '23CPU05Mem4GB.sh': 1, '24CPU1Mem4GB.sh': 1, '25CPU1Mem8GB.sh': 1, '26CPU2Mem4GB.sh': 2, '27CPU2Mem8GB.sh': 1, '28CPU2Mem16GB.sh': 1, '29CPU4Mem8GB.sh': 1, '01noThrottling.sh': 2}",6-0.4,"{'29CPU4Mem8GB.sh': 5, '01noThrottling.sh': 1}",10-0.4,"{'23CPU05Mem4GB.sh': 1, '24CPU1Mem4GB.sh': 1, '25CPU1Mem8GB.sh': 1, '26CPU2Mem4GB.sh': 1, '27CPU2Mem8GB.sh': 1, '28CPU2Mem16GB.sh': 1, '29CPU4Mem8GB.sh': 2, '01noThrottling.sh': 2}"
yawp_yawp-testing.yawp-testing-appengine_0.4,1-0.4,{'22CPU05Mem2GB.sh': 1},1-0.4,{'26CPU2Mem4GB.sh': 1},1-0.4,{'29CPU4Mem8GB.sh': 1},1-0.4,{'01noThrottling.sh': 1}
zxing_dot_0.4,1-0.4,{'24CPU1Mem4GB.sh': 1},12-0.4,"{'19CPU010Mem1GB.sh': 1, '21CPU025Mem2GB.sh': 1, '22CPU05Mem2GB.sh': 1, '23CPU05Mem4GB.sh': 1, '24CPU1Mem4GB.sh': 2, '25CPU1Mem8GB.sh': 1, '26CPU2Mem4GB.sh': 1, '27CPU2Mem8GB.sh': 2, '28CPU2Mem16GB.sh': 1, '29CPU4Mem8GB.sh': 1}",2-0.4,"{'29CPU4Mem8GB.sh': 1, '01noThrottling.sh': 1}",10-0.4,"{'21CPU025Mem2GB.sh': 1, '22CPU05Mem2GB.sh': 1, '23CPU05Mem4GB.sh': 1, '24CPU1Mem4GB.sh': 1, '25CPU1Mem8GB.sh': 1, '26CPU2Mem4GB.sh': 1, '27CPU2Mem8GB.sh': 1, '28CPU2Mem16GB.sh': 1, '29CPU4Mem8GB.sh': 1, '01noThrottling.sh': 1}"
activiti_dot_0.6,1-0.6,{'22CPU05Mem2GB.sh': 1},12-0.6,"{'19CPU010Mem1GB.sh': 1, '20CPU010Mem2GB.sh': 1, '21CPU025Mem2GB.sh': 1, '22CPU05Mem2GB.sh': 2, '23CPU05Mem4GB.sh': 1, '24CPU1Mem4GB.sh': 1, '25CPU1Mem8GB.sh': 1, '26CPU2Mem4GB.sh': 2, '27CPU2Mem8GB.sh': 1, '28CPU2Mem16GB.sh': 1}",4-0.6,"{'29CPU4Mem8GB.sh': 1, '01noThrottling.sh': 3}",12-0.6,"{'20CPU010Mem2GB.sh': 1, '22CPU05Mem2GB.sh': 1, '23CPU05Mem4GB.sh': 1, '24CPU1Mem4GB.sh': 1, '25CPU1Mem8GB.sh': 1, '26CPU2Mem4GB.sh': 1, '27CPU2Mem8GB.sh': 2, '28CPU2Mem16GB.sh': 1, '29CPU4Mem8GB.sh': 2, '01noThrottling.sh': 1}"
assertj-core_dot_0.6,1-0.6,{'26CPU2Mem4GB.sh': 1},12-0.6,"{'19CPU010Mem1GB.sh': 1, '20CPU010Mem2GB.sh': 1, '21CPU025Mem2GB.sh': 1, '22CPU05Mem2GB.sh': 1, '23CPU05Mem4GB.sh': 1, '24CPU1Mem4GB.sh': 1, '25CPU1Mem8GB.sh': 1, '26CPU2Mem4GB.sh': 1, '27CPU2Mem8GB.sh': 1, '28CPU2Mem16GB.sh': 1, '29CPU4Mem8GB.sh': 1, '01noThrottling.sh': 1}",6-0.6,"{'29CPU4Mem8GB.sh': 5, '01noThrottling.sh': 1}",12-0.6,"{'19CPU010Mem1GB.sh': 1, '20CPU010Mem2GB.sh': 1, '21CPU025Mem2GB.sh': 1, '22CPU05Mem2GB.sh': 1, '23CPU05Mem4GB.sh': 1, '24CPU1Mem4GB.sh': 1, '25CPU1Mem8GB.sh': 1, '26CPU2Mem4GB.sh': 1, '27CPU2Mem8GB.sh': 1, '28CPU2Mem16GB.sh': 1, '29CPU4Mem8GB.sh': 1, '01noThrottling.sh': 1}"
carbon-apimgt_analyzer-modules.org.wso2.carbon.apimgt.throttling.siddhi.extension_0.6,1-0.6,{'19CPU010Mem1GB.sh': 1},2-0.6,{'19CPU010Mem1GB.sh': 2},1-0.6,{'29CPU4Mem8GB.sh': 1},2-0.6,"{'29CPU4Mem8GB.sh': 1, '25CPU1Mem8GB.sh': 1}"
commons-exec_dot_0.6,1-0.6,{'19CPU010Mem1GB.sh': 1},8-0.6,"{'19CPU010Mem1GB.sh': 1, '21CPU025Mem2GB.sh': 1, '22CPU05Mem2GB.sh': 1, '23CPU05Mem4GB.sh': 1, '24CPU1Mem4GB.sh': 2, '25CPU1Mem8GB.sh': 1, '26CPU2Mem4GB.sh': 1}",8-0.6,{'01noThrottling.sh': 8},2-0.6,"{'29CPU4Mem8GB.sh': 1, '26CPU2Mem4GB.sh': 1}"
db-scheduler_dot_0.6,1-0.6,{'22CPU05Mem2GB.sh': 1},6-0.6,"{'19CPU010Mem1GB.sh': 1, '21CPU025Mem2GB.sh': 1, '22CPU05Mem2GB.sh': 1, '23CPU05Mem4GB.sh': 1, '26CPU2Mem4GB.sh': 1, '27CPU2Mem8GB.sh': 1}",6-0.6,{'29CPU4Mem8GB.sh': 6},8-0.6,"{'21CPU025Mem2GB.sh': 1, '24CPU1Mem4GB.sh': 1, '26CPU2Mem4GB.sh': 1, '27CPU2Mem8GB.sh': 1, '28CPU2Mem16GB.sh': 1, '29CPU4Mem8GB.sh': 1, '01noThrottling.sh': 2}"
delight-nashorn-sandbox_dot_0.6,1-0.6,{'26CPU2Mem4GB.sh': 1},6-0.6,"{'22CPU05Mem2GB.sh': 2, '24CPU1Mem4GB.sh': 1, '26CPU2Mem4GB.sh': 3}",10-0.6,"{'29CPU4Mem8GB.sh': 8, '01noThrottling.sh': 1, '26CPU2Mem4GB.sh': 1}",12-0.6,"{'19CPU010Mem1GB.sh': 1, '20CPU010Mem2GB.sh': 1, '21CPU025Mem2GB.sh': 2, '26CPU2Mem4GB.sh': 2, '27CPU2Mem8GB.sh': 1, '28CPU2Mem16GB.sh': 1, '29CPU4Mem8GB.sh': 2, '01noThrottling.sh': 2}"
elastic-job-lite_dot_0.6,1-0.6,{'22CPU05Mem2GB.sh': 1},12-0.6,"{'19CPU010Mem1GB.sh': 1, '20CPU010Mem2GB.sh': 1, '21CPU025Mem2GB.sh': 1, '22CPU05Mem2GB.sh': 1, '23CPU05Mem4GB.sh': 1, '24CPU1Mem4GB.sh': 1, '25CPU1Mem8GB.sh': 1, '26CPU2Mem4GB.sh': 2, '27CPU2Mem8GB.sh': 1, '28CPU2Mem16GB.sh': 1, '29CPU4Mem8GB.sh': 1}",10-0.6,{'01noThrottling.sh': 10},12-0.6,"{'19CPU010Mem1GB.sh': 1, '21CPU025Mem2GB.sh': 1, '22CPU05Mem2GB.sh': 1, '23CPU05Mem4GB.sh': 2, '24CPU1Mem4GB.sh': 1, '25CPU1Mem8GB.sh': 1, '26CPU2Mem4GB.sh': 1, '27CPU2Mem8GB.sh': 1, '28CPU2Mem16GB.sh': 1, '29CPU4Mem8GB.sh': 1, '01noThrottling.sh': 1}"
elastic-job-lite_elastic-job-lite-core_0.6,1-0.6,{'22CPU05Mem2GB.sh': 1},12-0.6,"{'19CPU010Mem1GB.sh': 2, '21CPU025Mem2GB.sh': 1, '22CPU05Mem2GB.sh': 1, '23CPU05Mem4GB.sh': 2, '24CPU1Mem4GB.sh': 1, '25CPU1Mem8GB.sh': 1, '26CPU2Mem4GB.sh': 2, '27CPU2Mem8GB.sh': 1, '28CPU2Mem16GB.sh': 1}",4-0.6,"{'29CPU4Mem8GB.sh': 1, '01noThrottling.sh': 3}",6-0.6,"{'19CPU010Mem1GB.sh': 1, '21CPU025Mem2GB.sh': 1, '26CPU2Mem4GB.sh': 1, '27CPU2Mem8GB.sh': 1, '29CPU4Mem8GB.sh': 1, '01noThrottling.sh': 1}"
esper_examples.rfidassetzone_0.6,1-0.6,{'22CPU05Mem2GB.sh': 1},2-0.6,"{'19CPU010Mem1GB.sh': 1, '26CPU2Mem4GB.sh': 1}",1-0.6,{'01noThrottling.sh': 1},1-0.6,{'01noThrottling.sh': 1}
fastjson_dot_0.6,1-0.6,{'22CPU05Mem2GB.sh': 1},12-0.6,"{'19CPU010Mem1GB.sh': 1, '20CPU010Mem2GB.sh': 1, '21CPU025Mem2GB.sh': 1, '22CPU05Mem2GB.sh': 1, '23CPU05Mem4GB.sh': 1, '24CPU1Mem4GB.sh': 1, '25CPU1Mem8GB.sh': 1, '26CPU2Mem4GB.sh': 1, '27CPU2Mem8GB.sh': 1, '28CPU2Mem16GB.sh': 1, '29CPU4Mem8GB.sh': 1, '01noThrottling.sh': 1}",2-0.6,"{'29CPU4Mem8GB.sh': 1, '01noThrottling.sh': 1}",10-0.6,"{'21CPU025Mem2GB.sh': 1, '22CPU05Mem2GB.sh': 1, '23CPU05Mem4GB.sh': 1, '24CPU1Mem4GB.sh': 1, '25CPU1Mem8GB.sh': 1, '26CPU2Mem4GB.sh': 1, '27CPU2Mem8GB.sh': 1, '28CPU2Mem16GB.sh': 1, '29CPU4Mem8GB.sh': 1, '01noThrottling.sh': 1}"
fluent-logger-java_dot_0.6,4-0.6,"{'27CPU2Mem8GB.sh': 1, '28CPU2Mem16GB.sh': 1, '19CPU010Mem1GB.sh': 1, '26CPU2Mem4GB.sh': 1}",6-0.6,"{'19CPU010Mem1GB.sh': 2, '21CPU025Mem2GB.sh': 1, '22CPU05Mem2GB.sh': 1, '25CPU1Mem8GB.sh': 2}",6-0.6,"{'26CPU2Mem4GB.sh': 1, '27CPU2Mem8GB.sh': 2, '28CPU2Mem16GB.sh': 1, '29CPU4Mem8GB.sh': 1, '01noThrottling.sh': 1}",6-0.6,"{'22CPU05Mem2GB.sh': 1, '25CPU1Mem8GB.sh': 1, '27CPU2Mem8GB.sh': 1, '28CPU2Mem16GB.sh': 1, '29CPU4Mem8GB.sh': 1, '01noThrottling.sh': 1}"
handlebars.java_dot_0.6,1-0.6,{'26CPU2Mem4GB.sh': 1},12-0.6,"{'19CPU010Mem1GB.sh': 1, '21CPU025Mem2GB.sh': 1, '22CPU05Mem2GB.sh': 2, '23CPU05Mem4GB.sh': 1, '24CPU1Mem4GB.sh': 1, '25CPU1Mem8GB.sh': 1, '26CPU2Mem4GB.sh': 2, '27CPU2Mem8GB.sh': 1, '28CPU2Mem16GB.sh': 1, '29CPU4Mem8GB.sh': 1}",12-0.6,{'29CPU4Mem8GB.sh': 12},10-0.6,"{'19CPU010Mem1GB.sh': 1, '22CPU05Mem2GB.sh': 1, '23CPU05Mem4GB.sh': 1, '24CPU1Mem4GB.sh': 1, '25CPU1Mem8GB.sh': 1, '26CPU2Mem4GB.sh': 1, '27CPU2Mem8GB.sh': 1, '28CPU2Mem16GB.sh': 1, '29CPU4Mem8GB.sh': 1, '01noThrottling.sh': 1}"
hbase_dot_0.6,2-0.6,"{'19CPU010Mem1GB.sh': 1, '21CPU025Mem2GB.sh': 1}",12-0.6,"{'19CPU010Mem1GB.sh': 2, '20CPU010Mem2GB.sh': 1, '21CPU025Mem2GB.sh': 1, '22CPU05Mem2GB.sh': 2, '23CPU05Mem4GB.sh': 1, '24CPU1Mem4GB.sh': 1, '25CPU1Mem8GB.sh': 1, '26CPU2Mem4GB.sh': 1, '27CPU2Mem8GB.sh': 1, '28CPU2Mem16GB.sh': 1}",2-0.6,"{'20CPU010Mem2GB.sh': 1, '29CPU4Mem8GB.sh': 1}",12-0.6,"{'19CPU010Mem1GB.sh': 1, '20CPU010Mem2GB.sh': 1, '21CPU025Mem2GB.sh': 1, '22CPU05Mem2GB.sh': 1, '23CPU05Mem4GB.sh': 1, '24CPU1Mem4GB.sh': 1, '25CPU1Mem8GB.sh': 1, '26CPU2Mem4GB.sh': 1, '27CPU2Mem8GB.sh': 1, '28CPU2Mem16GB.sh': 1, '29CPU4Mem8GB.sh': 1, '01noThrottling.sh': 1}"
http-request_dot_0.6,1-0.6,{'26CPU2Mem4GB.sh': 1},10-0.6,"{'19CPU010Mem1GB.sh': 1, '21CPU025Mem2GB.sh': 1, '22CPU05Mem2GB.sh': 1, '23CPU05Mem4GB.sh': 2, '24CPU1Mem4GB.sh': 1, '25CPU1Mem8GB.sh': 1, '26CPU2Mem4GB.sh': 1, '27CPU2Mem8GB.sh': 1, '28CPU2Mem16GB.sh': 1}",12-0.6,{'29CPU4Mem8GB.sh': 12},12-0.6,"{'23CPU05Mem4GB.sh': 1, '24CPU1Mem4GB.sh': 1, '25CPU1Mem8GB.sh': 1, '26CPU2Mem4GB.sh': 2, '27CPU2Mem8GB.sh': 1, '28CPU2Mem16GB.sh': 3, '29CPU4Mem8GB.sh': 2, '01noThrottling.sh': 1}"
httpcore_dot_0.6,1-0.6,{'22CPU05Mem2GB.sh': 1},10-0.6,"{'19CPU010Mem1GB.sh': 1, '20CPU010Mem2GB.sh': 1, '21CPU025Mem2GB.sh': 1, '22CPU05Mem2GB.sh': 1, '23CPU05Mem4GB.sh': 1, '24CPU1Mem4GB.sh': 1, '25CPU1Mem8GB.sh': 1, '26CPU2Mem4GB.sh': 1, '27CPU2Mem8GB.sh': 1, '28CPU2Mem16GB.sh': 1}",4-0.6,"{'01noThrottling.sh': 3, '26CPU2Mem4GB.sh': 1}",12-0.6,"{'20CPU010Mem2GB.sh': 1, '21CPU025Mem2GB.sh': 1, '22CPU05Mem2GB.sh': 1, '23CPU05Mem4GB.sh': 1, '24CPU1Mem4GB.sh': 1, '25CPU1Mem8GB.sh': 1, '26CPU2Mem4GB.sh': 1, '27CPU2Mem8GB.sh': 1, '28CPU2Mem16GB.sh': 2, '29CPU4Mem8GB.sh': 1, '01noThrottling.sh': 1}"
hutool_hutool-cron_0.6,1-0.6,{'26CPU2Mem4GB.sh': 1},2-0.6,{'26CPU2Mem4GB.sh': 2},2-0.6,"{'29CPU4Mem8GB.sh': 1, '01noThrottling.sh': 1}",4-0.6,"{'27CPU2Mem8GB.sh': 1, '28CPU2Mem16GB.sh': 1, '01noThrottling.sh': 1, '26CPU2Mem4GB.sh': 1}"
incubator-dubbo_dubbo-remoting.dubbo-remoting-netty_0.6,1-0.6,{'19CPU010Mem1GB.sh': 1},6-0.6,"{'19CPU010Mem1GB.sh': 1, '22CPU05Mem2GB.sh': 1, '24CPU1Mem4GB.sh': 1, '25CPU1Mem8GB.sh': 1, '26CPU2Mem4GB.sh': 2}",4-0.6,{'29CPU4Mem8GB.sh': 4},8-0.6,"{'24CPU1Mem4GB.sh': 1, '25CPU1Mem8GB.sh': 1, '26CPU2Mem4GB.sh': 1, '27CPU2Mem8GB.sh': 1, '28CPU2Mem16GB.sh': 1, '29CPU4Mem8GB.sh': 1, '01noThrottling.sh': 2}"
incubator-dubbo_dubbo-rpc.dubbo-rpc-dubbo_0.6,1-0.6,{'19CPU010Mem1GB.sh': 1},8-0.6,"{'19CPU010Mem1GB.sh': 2, '21CPU025Mem2GB.sh': 1, '22CPU05Mem2GB.sh': 1, '24CPU1Mem4GB.sh': 1, '26CPU2Mem4GB.sh': 2, '27CPU2Mem8GB.sh': 1}",8-0.6,"{'01noThrottling.sh': 7, '26CPU2Mem4GB.sh': 1}",10-0.6,"{'21CPU025Mem2GB.sh': 1, '22CPU05Mem2GB.sh': 1, '23CPU05Mem4GB.sh': 1, '24CPU1Mem4GB.sh': 1, '25CPU1Mem8GB.sh': 1, '26CPU2Mem4GB.sh': 1, '27CPU2Mem8GB.sh': 1, '28CPU2Mem16GB.sh': 1, '29CPU4Mem8GB.sh': 1, '01noThrottling.sh': 1}"
logback_dot_0.6,2-0.6,"{'19CPU010Mem1GB.sh': 1, '26CPU2Mem4GB.sh': 1}",12-0.6,"{'19CPU010Mem1GB.sh': 2, '20CPU010Mem2GB.sh': 1, '21CPU025Mem2GB.sh': 1, '22CPU05Mem2GB.sh': 1, '23CPU05Mem4GB.sh': 1, '24CPU1Mem4GB.sh': 1, '25CPU1Mem8GB.sh': 1, '26CPU2Mem4GB.sh': 1, '27CPU2Mem8GB.sh': 1, '28CPU2Mem16GB.sh': 1, '01noThrottling.sh': 1}",6-0.6,"{'22CPU05Mem2GB.sh': 1, '29CPU4Mem8GB.sh': 1, '01noThrottling.sh': 4}",12-0.6,"{'19CPU010Mem1GB.sh': 1, '20CPU010Mem2GB.sh': 1, '21CPU025Mem2GB.sh': 1, '22CPU05Mem2GB.sh': 1, '23CPU05Mem4GB.sh': 1, '24CPU1Mem4GB.sh': 1, '25CPU1Mem8GB.sh': 1, '26CPU2Mem4GB.sh': 1, '27CPU2Mem8GB.sh': 1, '28CPU2Mem16GB.sh': 1, '29CPU4Mem8GB.sh': 1, '01noThrottling.sh': 1}"
luwak_luwak_0.6,1-0.6,{'22CPU05Mem2GB.sh': 1},12-0.6,"{'19CPU010Mem1GB.sh': 1, '21CPU025Mem2GB.sh': 1, '22CPU05Mem2GB.sh': 1, '23CPU05Mem4GB.sh': 1, '24CPU1Mem4GB.sh': 1, '25CPU1Mem8GB.sh': 1, '26CPU2Mem4GB.sh': 2, '27CPU2Mem8GB.sh': 1, '28CPU2Mem16GB.sh': 1, '01noThrottling.sh': 2}",2-0.6,"{'29CPU4Mem8GB.sh': 1, '01noThrottling.sh': 1}",12-0.6,"{'22CPU05Mem2GB.sh': 1, '23CPU05Mem4GB.sh': 1, '24CPU1Mem4GB.sh': 1, '25CPU1Mem8GB.sh': 1, '26CPU2Mem4GB.sh': 1, '27CPU2Mem8GB.sh': 3, '28CPU2Mem16GB.sh': 1, '29CPU4Mem8GB.sh': 2, '01noThrottling.sh': 1}"
noxy_noxy-discovery-zookeeper_0.6,1-0.6,{'26CPU2Mem4GB.sh': 1},2-0.6,"{'19CPU010Mem1GB.sh': 1, '26CPU2Mem4GB.sh': 1}",1-0.6,{'01noThrottling.sh': 1},4-0.6,"{'27CPU2Mem8GB.sh': 2, '01noThrottling.sh': 1, '23CPU05Mem4GB.sh': 1}"
okhttp_dot_0.6,1-0.6,{'22CPU05Mem2GB.sh': 1},12-0.6,"{'19CPU010Mem1GB.sh': 2, '20CPU010Mem2GB.sh': 1, '21CPU025Mem2GB.sh': 1, '22CPU05Mem2GB.sh': 1, '23CPU05Mem4GB.sh': 1, '24CPU1Mem4GB.sh': 1, '25CPU1Mem8GB.sh': 1, '26CPU2Mem4GB.sh': 1, '27CPU2Mem8GB.sh': 1, '28CPU2Mem16GB.sh': 1, '01noThrottling.sh': 1}",10-0.6,"{'29CPU4Mem8GB.sh': 1, '01noThrottling.sh': 9}",12-0.6,"{'19CPU010Mem1GB.sh': 1, '20CPU010Mem2GB.sh': 1, '21CPU025Mem2GB.sh': 1, '22CPU05Mem2GB.sh': 1, '23CPU05Mem4GB.sh': 1, '24CPU1Mem4GB.sh': 1, '25CPU1Mem8GB.sh': 1, '26CPU2Mem4GB.sh': 1, '27CPU2Mem8GB.sh': 1, '28CPU2Mem16GB.sh': 1, '29CPU4Mem8GB.sh': 1, '01noThrottling.sh': 1}"
orbit_dot_0.6,1-0.6,{'19CPU010Mem1GB.sh': 1},12-0.6,"{'19CPU010Mem1GB.sh': 1, '21CPU025Mem2GB.sh': 1, '22CPU05Mem2GB.sh': 2, '24CPU1Mem4GB.sh': 1, '25CPU1Mem8GB.sh': 1, '26CPU2Mem4GB.sh': 2, '27CPU2Mem8GB.sh': 1, '28CPU2Mem16GB.sh': 1, '01noThrottling.sh': 2}",10-0.6,{'29CPU4Mem8GB.sh': 10},8-0.6,"{'24CPU1Mem4GB.sh': 1, '26CPU2Mem4GB.sh': 1, '27CPU2Mem8GB.sh': 1, '28CPU2Mem16GB.sh': 1, '29CPU4Mem8GB.sh': 3, '01noThrottling.sh': 1}"
retrofit_retrofit-adapters.rxjava_0.6,1-0.6,{'22CPU05Mem2GB.sh': 1},8-0.6,"{'19CPU010Mem1GB.sh': 1, '21CPU025Mem2GB.sh': 1, '22CPU05Mem2GB.sh': 1, '24CPU1Mem4GB.sh': 1, '25CPU1Mem8GB.sh': 1, '26CPU2Mem4GB.sh': 1, '27CPU2Mem8GB.sh': 1, '28CPU2Mem16GB.sh': 1}",6-0.6,"{'29CPU4Mem8GB.sh': 5, '01noThrottling.sh': 1}",12-0.6,"{'20CPU010Mem2GB.sh': 1, '24CPU1Mem4GB.sh': 1, '25CPU1Mem8GB.sh': 1, '26CPU2Mem4GB.sh': 1, '27CPU2Mem8GB.sh': 2, '28CPU2Mem16GB.sh': 2, '29CPU4Mem8GB.sh': 2, '01noThrottling.sh': 2}"
retrofit_retrofit_0.6,1-0.6,{'26CPU2Mem4GB.sh': 1},12-0.6,"{'19CPU010Mem1GB.sh': 1, '21CPU025Mem2GB.sh': 1, '22CPU05Mem2GB.sh': 1, '23CPU05Mem4GB.sh': 1, '24CPU1Mem4GB.sh': 1, '25CPU1Mem8GB.sh': 1, '26CPU2Mem4GB.sh': 3, '27CPU2Mem8GB.sh': 1, '28CPU2Mem16GB.sh': 1, '29CPU4Mem8GB.sh': 1}",8-0.6,{'01noThrottling.sh': 8},12-0.6,"{'19CPU010Mem1GB.sh': 1, '24CPU1Mem4GB.sh': 1, '25CPU1Mem8GB.sh': 1, '26CPU2Mem4GB.sh': 2, '27CPU2Mem8GB.sh': 1, '28CPU2Mem16GB.sh': 2, '29CPU4Mem8GB.sh': 2, '01noThrottling.sh': 2}"
rxjava2-extras_dot_0.6,2-0.6,"{'19CPU010Mem1GB.sh': 1, '22CPU05Mem2GB.sh': 1}",12-0.6,"{'19CPU010Mem1GB.sh': 2, '20CPU010Mem2GB.sh': 1, '21CPU025Mem2GB.sh': 1, '22CPU05Mem2GB.sh': 1, '23CPU05Mem4GB.sh': 1, '24CPU1Mem4GB.sh': 1, '25CPU1Mem8GB.sh': 1, '26CPU2Mem4GB.sh': 2, '27CPU2Mem8GB.sh': 1, '28CPU2Mem16GB.sh': 1}",8-0.6,"{'29CPU4Mem8GB.sh': 7, '01noThrottling.sh': 1}",8-0.6,"{'19CPU010Mem1GB.sh': 1, '22CPU05Mem2GB.sh': 1, '24CPU1Mem4GB.sh': 1, '26CPU2Mem4GB.sh': 1, '27CPU2Mem8GB.sh': 1, '28CPU2Mem16GB.sh': 1, '29CPU4Mem8GB.sh': 1, '01noThrottling.sh': 1}"
spring-boot_dot_0.6,1-0.6,{'22CPU05Mem2GB.sh': 1},12-0.6,"{'19CPU010Mem1GB.sh': 1, '20CPU010Mem2GB.sh': 1, '21CPU025Mem2GB.sh': 1, '22CPU05Mem2GB.sh': 1, '23CPU05Mem4GB.sh': 1, '24CPU1Mem4GB.sh': 1, '25CPU1Mem8GB.sh': 1, '26CPU2Mem4GB.sh': 2, '27CPU2Mem8GB.sh': 1, '28CPU2Mem16GB.sh': 1, '29CPU4Mem8GB.sh': 1}",12-0.6,{'29CPU4Mem8GB.sh': 12},12-0.6,"{'21CPU025Mem2GB.sh': 1, '22CPU05Mem2GB.sh': 1, '23CPU05Mem4GB.sh': 1, '24CPU1Mem4GB.sh': 1, '25CPU1Mem8GB.sh': 1, '26CPU2Mem4GB.sh': 1, '27CPU2Mem8GB.sh': 1, '28CPU2Mem16GB.sh': 1, '29CPU4Mem8GB.sh': 2, '01noThrottling.sh': 2}"
timely_server_0.6,1-0.6,{'26CPU2Mem4GB.sh': 1},10-0.6,"{'22CPU05Mem2GB.sh': 1, '23CPU05Mem4GB.sh': 1, '24CPU1Mem4GB.sh': 2, '25CPU1Mem8GB.sh': 1, '26CPU2Mem4GB.sh': 2, '27CPU2Mem8GB.sh': 1, '28CPU2Mem16GB.sh': 1, '29CPU4Mem8GB.sh': 1}",8-0.6,"{'29CPU4Mem8GB.sh': 1, '01noThrottling.sh': 7}",10-0.6,"{'25CPU1Mem8GB.sh': 1, '26CPU2Mem4GB.sh': 3, '27CPU2Mem8GB.sh': 1, '28CPU2Mem16GB.sh': 2, '29CPU4Mem8GB.sh': 2, '01noThrottling.sh': 1}"
wro4j_wro4j-extensions_0.6,1-0.6,{'26CPU2Mem4GB.sh': 1},12-0.6,"{'21CPU025Mem2GB.sh': 1, '22CPU05Mem2GB.sh': 1, '23CPU05Mem4GB.sh': 2, '24CPU1Mem4GB.sh': 1, '25CPU1Mem8GB.sh': 1, '26CPU2Mem4GB.sh': 2, '27CPU2Mem8GB.sh': 1, '28CPU2Mem16GB.sh': 1, '29CPU4Mem8GB.sh': 1, '01noThrottling.sh': 1}",10-0.6,"{'29CPU4Mem8GB.sh': 9, '01noThrottling.sh': 1}",12-0.6,"{'23CPU05Mem4GB.sh': 2, '24CPU1Mem4GB.sh': 1, '25CPU1Mem8GB.sh': 1, '26CPU2Mem4GB.sh': 2, '27CPU2Mem8GB.sh': 2, '28CPU2Mem16GB.sh': 1, '29CPU4Mem8GB.sh': 2, '01noThrottling.sh': 1}"
yawp_yawp-testing.yawp-testing-appengine_0.6,1-0.6,{'22CPU05Mem2GB.sh': 1},1-0.6,{'26CPU2Mem4GB.sh': 1},1-0.6,{'29CPU4Mem8GB.sh': 1},1-0.6,{'01noThrottling.sh': 1}
zxing_dot_0.6,1-0.6,{'24CPU1Mem4GB.sh': 1},12-0.6,"{'19CPU010Mem1GB.sh': 1, '21CPU025Mem2GB.sh': 1, '22CPU05Mem2GB.sh': 1, '23CPU05Mem4GB.sh': 1, '24CPU1Mem4GB.sh': 2, '25CPU1Mem8GB.sh': 2, '26CPU2Mem4GB.sh': 1, '27CPU2Mem8GB.sh': 1, '28CPU2Mem16GB.sh': 1, '29CPU4Mem8GB.sh': 1}",2-0.6,"{'29CPU4Mem8GB.sh': 1, '01noThrottling.sh': 1}",12-0.6,"{'21CPU025Mem2GB.sh': 1, '22CPU05Mem2GB.sh': 1, '23CPU05Mem4GB.sh': 1, '24CPU1Mem4GB.sh': 1, '25CPU1Mem8GB.sh': 1, '26CPU2Mem4GB.sh': 2, '27CPU2Mem8GB.sh': 2, '28CPU2Mem16GB.sh': 1, '29CPU4Mem8GB.sh': 1, '01noThrottling.sh': 1}"
activiti_dot_0.8,1-0.8,{'22CPU05Mem2GB.sh': 1},12-0.8,"{'19CPU010Mem1GB.sh': 2, '20CPU010Mem2GB.sh': 1, '21CPU025Mem2GB.sh': 2, '22CPU05Mem2GB.sh': 1, '23CPU05Mem4GB.sh': 1, '24CPU1Mem4GB.sh': 1, '25CPU1Mem8GB.sh': 1, '26CPU2Mem4GB.sh': 2, '27CPU2Mem8GB.sh': 1}",4-0.8,"{'29CPU4Mem8GB.sh': 1, '01noThrottling.sh': 3}",12-0.8,"{'20CPU010Mem2GB.sh': 1, '21CPU025Mem2GB.sh': 1, '22CPU05Mem2GB.sh': 1, '23CPU05Mem4GB.sh': 1, '24CPU1Mem4GB.sh': 1, '25CPU1Mem8GB.sh': 1, '26CPU2Mem4GB.sh': 1, '27CPU2Mem8GB.sh': 1, '28CPU2Mem16GB.sh': 1, '29CPU4Mem8GB.sh': 2, '01noThrottling.sh': 1}"
assertj-core_dot_0.8,1-0.8,{'26CPU2Mem4GB.sh': 1},12-0.8,"{'19CPU010Mem1GB.sh': 1, '20CPU010Mem2GB.sh': 1, '21CPU025Mem2GB.sh': 1, '22CPU05Mem2GB.sh': 1, '23CPU05Mem4GB.sh': 1, '24CPU1Mem4GB.sh': 1, '25CPU1Mem8GB.sh': 1, '26CPU2Mem4GB.sh': 1, '27CPU2Mem8GB.sh': 1, '28CPU2Mem16GB.sh': 1, '29CPU4Mem8GB.sh': 1, '01noThrottling.sh': 1}",12-0.8,"{'29CPU4Mem8GB.sh': 11, '01noThrottling.sh': 1}",12-0.8,"{'19CPU010Mem1GB.sh': 1, '20CPU010Mem2GB.sh': 1, '21CPU025Mem2GB.sh': 1, '22CPU05Mem2GB.sh': 1, '23CPU05Mem4GB.sh': 1, '24CPU1Mem4GB.sh': 1, '25CPU1Mem8GB.sh': 1, '26CPU2Mem4GB.sh': 1, '27CPU2Mem8GB.sh': 1, '28CPU2Mem16GB.sh': 1, '29CPU4Mem8GB.sh': 1, '01noThrottling.sh': 1}"
carbon-apimgt_analyzer-modules.org.wso2.carbon.apimgt.throttling.siddhi.extension_0.8,1-0.8,{'19CPU010Mem1GB.sh': 1},2-0.8,{'19CPU010Mem1GB.sh': 2},1-0.8,{'29CPU4Mem8GB.sh': 1},2-0.8,"{'29CPU4Mem8GB.sh': 1, '25CPU1Mem8GB.sh': 1}"
commons-exec_dot_0.8,1-0.8,{'19CPU010Mem1GB.sh': 1},12-0.8,"{'19CPU010Mem1GB.sh': 4, '21CPU025Mem2GB.sh': 2, '22CPU05Mem2GB.sh': 1, '23CPU05Mem4GB.sh': 1, '24CPU1Mem4GB.sh': 1, '25CPU1Mem8GB.sh': 1, '26CPU2Mem4GB.sh': 1, '29CPU4Mem8GB.sh': 1}",8-0.8,{'01noThrottling.sh': 8},2-0.8,"{'29CPU4Mem8GB.sh': 1, '26CPU2Mem4GB.sh': 1}"
db-scheduler_dot_0.8,1-0.8,{'22CPU05Mem2GB.sh': 1},6-0.8,"{'19CPU010Mem1GB.sh': 1, '22CPU05Mem2GB.sh': 1, '23CPU05Mem4GB.sh': 1, '24CPU1Mem4GB.sh': 1, '26CPU2Mem4GB.sh': 1, '27CPU2Mem8GB.sh': 1}",6-0.8,{'29CPU4Mem8GB.sh': 6},10-0.8,"{'23CPU05Mem4GB.sh': 1, '24CPU1Mem4GB.sh': 1, '26CPU2Mem4GB.sh': 3, '27CPU2Mem8GB.sh': 1, '28CPU2Mem16GB.sh': 2, '29CPU4Mem8GB.sh': 1, '01noThrottling.sh': 1}"
delight-nashorn-sandbox_dot_0.8,1-0.8,{'26CPU2Mem4GB.sh': 1},6-0.8,"{'22CPU05Mem2GB.sh': 1, '24CPU1Mem4GB.sh': 2, '26CPU2Mem4GB.sh': 3}",4-0.8,"{'29CPU4Mem8GB.sh': 2, '01noThrottling.sh': 1, '26CPU2Mem4GB.sh': 1}",12-0.8,"{'20CPU010Mem2GB.sh': 1, '21CPU025Mem2GB.sh': 1, '25CPU1Mem8GB.sh': 4, '26CPU2Mem4GB.sh': 1, '28CPU2Mem16GB.sh': 1, '29CPU4Mem8GB.sh': 3, '01noThrottling.sh': 1}"
elastic-job-lite_dot_0.8,1-0.8,{'22CPU05Mem2GB.sh': 1},12-0.8,"{'19CPU010Mem1GB.sh': 1, '20CPU010Mem2GB.sh': 1, '21CPU025Mem2GB.sh': 1, '22CPU05Mem2GB.sh': 2, '23CPU05Mem4GB.sh': 1, '24CPU1Mem4GB.sh': 1, '25CPU1Mem8GB.sh': 1, '26CPU2Mem4GB.sh': 1, '27CPU2Mem8GB.sh': 1, '28CPU2Mem16GB.sh': 1, '29CPU4Mem8GB.sh': 1}",10-0.8,{'01noThrottling.sh': 10},12-0.8,"{'19CPU010Mem1GB.sh': 1, '21CPU025Mem2GB.sh': 2, '22CPU05Mem2GB.sh': 1, '23CPU05Mem4GB.sh': 1, '24CPU1Mem4GB.sh': 1, '25CPU1Mem8GB.sh': 1, '26CPU2Mem4GB.sh': 1, '27CPU2Mem8GB.sh': 1, '28CPU2Mem16GB.sh': 1, '29CPU4Mem8GB.sh': 1, '01noThrottling.sh': 1}"
elastic-job-lite_elastic-job-lite-core_0.8,1-0.8,{'22CPU05Mem2GB.sh': 1},12-0.8,"{'19CPU010Mem1GB.sh': 2, '21CPU025Mem2GB.sh': 1, '22CPU05Mem2GB.sh': 1, '23CPU05Mem4GB.sh': 2, '24CPU1Mem4GB.sh': 1, '25CPU1Mem8GB.sh': 1, '26CPU2Mem4GB.sh': 1, '27CPU2Mem8GB.sh': 2, '28CPU2Mem16GB.sh': 1}",4-0.8,"{'29CPU4Mem8GB.sh': 1, '01noThrottling.sh': 3}",6-0.8,"{'19CPU010Mem1GB.sh': 1, '21CPU025Mem2GB.sh': 1, '26CPU2Mem4GB.sh': 1, '27CPU2Mem8GB.sh': 1, '29CPU4Mem8GB.sh': 1, '01noThrottling.sh': 1}"
esper_examples.rfidassetzone_0.8,1-0.8,{'22CPU05Mem2GB.sh': 1},2-0.8,"{'19CPU010Mem1GB.sh': 1, '26CPU2Mem4GB.sh': 1}",1-0.8,{'01noThrottling.sh': 1},1-0.8,{'01noThrottling.sh': 1}
fastjson_dot_0.8,1-0.8,{'22CPU05Mem2GB.sh': 1},12-0.8,"{'19CPU010Mem1GB.sh': 1, '20CPU010Mem2GB.sh': 1, '21CPU025Mem2GB.sh': 1, '22CPU05Mem2GB.sh': 1, '23CPU05Mem4GB.sh': 1, '24CPU1Mem4GB.sh': 1, '25CPU1Mem8GB.sh': 1, '26CPU2Mem4GB.sh': 1, '27CPU2Mem8GB.sh': 1, '28CPU2Mem16GB.sh': 1, '29CPU4Mem8GB.sh': 1, '01noThrottling.sh': 1}",2-0.8,"{'29CPU4Mem8GB.sh': 1, '01noThrottling.sh': 1}",8-0.8,"{'22CPU05Mem2GB.sh': 1, '24CPU1Mem4GB.sh': 1, '25CPU1Mem8GB.sh': 1, '26CPU2Mem4GB.sh': 1, '27CPU2Mem8GB.sh': 1, '28CPU2Mem16GB.sh': 1, '29CPU4Mem8GB.sh': 1, '01noThrottling.sh': 1}"
fluent-logger-java_dot_0.8,4-0.8,"{'27CPU2Mem8GB.sh': 1, '19CPU010Mem1GB.sh': 1, '26CPU2Mem4GB.sh': 2}",6-0.8,"{'19CPU010Mem1GB.sh': 2, '21CPU025Mem2GB.sh': 1, '22CPU05Mem2GB.sh': 2, '23CPU05Mem4GB.sh': 1}",12-0.8,"{'26CPU2Mem4GB.sh': 1, '27CPU2Mem8GB.sh': 2, '28CPU2Mem16GB.sh': 2, '29CPU4Mem8GB.sh': 2, '01noThrottling.sh': 5}",8-0.8,"{'22CPU05Mem2GB.sh': 2, '25CPU1Mem8GB.sh': 1, '27CPU2Mem8GB.sh': 1, '28CPU2Mem16GB.sh': 2, '29CPU4Mem8GB.sh': 1, '01noThrottling.sh': 1}"
handlebars.java_dot_0.8,1-0.8,{'26CPU2Mem4GB.sh': 1},12-0.8,"{'19CPU010Mem1GB.sh': 1, '21CPU025Mem2GB.sh': 1, '22CPU05Mem2GB.sh': 1, '23CPU05Mem4GB.sh': 1, '24CPU1Mem4GB.sh': 1, '25CPU1Mem8GB.sh': 1, '26CPU2Mem4GB.sh': 2, '27CPU2Mem8GB.sh': 2, '28CPU2Mem16GB.sh': 1, '29CPU4Mem8GB.sh': 1}",12-0.8,{'29CPU4Mem8GB.sh': 12},10-0.8,"{'19CPU010Mem1GB.sh': 1, '22CPU05Mem2GB.sh': 1, '23CPU05Mem4GB.sh': 1, '24CPU1Mem4GB.sh': 1, '25CPU1Mem8GB.sh': 1, '26CPU2Mem4GB.sh': 1, '27CPU2Mem8GB.sh': 1, '28CPU2Mem16GB.sh': 1, '29CPU4Mem8GB.sh': 1, '01noThrottling.sh': 1}"
hbase_dot_0.8,1-0.8,{'19CPU010Mem1GB.sh': 1},12-0.8,"{'19CPU010Mem1GB.sh': 2, '20CPU010Mem2GB.sh': 1, '21CPU025Mem2GB.sh': 2, '22CPU05Mem2GB.sh': 1, '23CPU05Mem4GB.sh': 1, '24CPU1Mem4GB.sh': 1, '25CPU1Mem8GB.sh': 1, '26CPU2Mem4GB.sh': 1, '27CPU2Mem8GB.sh': 1, '28CPU2Mem16GB.sh': 1}",2-0.8,"{'20CPU010Mem2GB.sh': 1, '29CPU4Mem8GB.sh': 1}",12-0.8,"{'19CPU010Mem1GB.sh': 1, '20CPU010Mem2GB.sh': 1, '21CPU025Mem2GB.sh': 1, '22CPU05Mem2GB.sh': 1, '23CPU05Mem4GB.sh': 1, '24CPU1Mem4GB.sh': 1, '25CPU1Mem8GB.sh': 1, '26CPU2Mem4GB.sh': 1, '27CPU2Mem8GB.sh': 1, '28CPU2Mem16GB.sh': 1, '29CPU4Mem8GB.sh': 1, '01noThrottling.sh': 1}"
http-request_dot_0.8,1-0.8,{'26CPU2Mem4GB.sh': 1},10-0.8,"{'19CPU010Mem1GB.sh': 1, '21CPU025Mem2GB.sh': 1, '22CPU05Mem2GB.sh': 1, '23CPU05Mem4GB.sh': 1, '24CPU1Mem4GB.sh': 1, '25CPU1Mem8GB.sh': 1, '26CPU2Mem4GB.sh': 1, '27CPU2Mem8GB.sh': 1, '28CPU2Mem16GB.sh': 1, '29CPU4Mem8GB.sh': 1}",12-0.8,{'29CPU4Mem8GB.sh': 12},12-0.8,"{'19CPU010Mem1GB.sh': 1, '21CPU025Mem2GB.sh': 2, '24CPU1Mem4GB.sh': 1, '25CPU1Mem8GB.sh': 1, '26CPU2Mem4GB.sh': 1, '27CPU2Mem8GB.sh': 1, '28CPU2Mem16GB.sh': 1, '29CPU4Mem8GB.sh': 2, '01noThrottling.sh': 2}"
httpcore_dot_0.8,1-0.8,{'22CPU05Mem2GB.sh': 1},10-0.8,"{'19CPU010Mem1GB.sh': 1, '20CPU010Mem2GB.sh': 1, '21CPU025Mem2GB.sh': 1, '22CPU05Mem2GB.sh': 1, '23CPU05Mem4GB.sh': 1, '24CPU1Mem4GB.sh': 1, '25CPU1Mem8GB.sh': 1, '26CPU2Mem4GB.sh': 1, '27CPU2Mem8GB.sh': 1, '28CPU2Mem16GB.sh': 1}",10-0.8,"{'01noThrottling.sh': 9, '26CPU2Mem4GB.sh': 1}",10-0.8,"{'21CPU025Mem2GB.sh': 1, '22CPU05Mem2GB.sh': 1, '23CPU05Mem4GB.sh': 1, '24CPU1Mem4GB.sh': 1, '25CPU1Mem8GB.sh': 1, '26CPU2Mem4GB.sh': 1, '27CPU2Mem8GB.sh': 1, '28CPU2Mem16GB.sh': 1, '29CPU4Mem8GB.sh': 1, '01noThrottling.sh': 1}"
hutool_hutool-cron_0.8,1-0.8,{'26CPU2Mem4GB.sh': 1},2-0.8,{'26CPU2Mem4GB.sh': 2},2-0.8,"{'29CPU4Mem8GB.sh': 1, '01noThrottling.sh': 1}",4-0.8,"{'27CPU2Mem8GB.sh': 1, '28CPU2Mem16GB.sh': 1, '01noThrottling.sh': 1, '26CPU2Mem4GB.sh': 1}"
incubator-dubbo_dubbo-remoting.dubbo-remoting-netty_0.8,1-0.8,{'19CPU010Mem1GB.sh': 1},6-0.8,"{'19CPU010Mem1GB.sh': 1, '22CPU05Mem2GB.sh': 1, '24CPU1Mem4GB.sh': 1, '25CPU1Mem8GB.sh': 1, '26CPU2Mem4GB.sh': 2}",4-0.8,{'29CPU4Mem8GB.sh': 4},10-0.8,"{'21CPU025Mem2GB.sh': 2, '24CPU1Mem4GB.sh': 1, '25CPU1Mem8GB.sh': 1, '26CPU2Mem4GB.sh': 1, '27CPU2Mem8GB.sh': 1, '28CPU2Mem16GB.sh': 1, '29CPU4Mem8GB.sh': 2, '01noThrottling.sh': 1}"
incubator-dubbo_dubbo-rpc.dubbo-rpc-dubbo_0.8,1-0.8,{'19CPU010Mem1GB.sh': 1},12-0.8,"{'19CPU010Mem1GB.sh': 3, '20CPU010Mem2GB.sh': 1, '21CPU025Mem2GB.sh': 1, '22CPU05Mem2GB.sh': 2, '24CPU1Mem4GB.sh': 1, '26CPU2Mem4GB.sh': 2, '27CPU2Mem8GB.sh': 1, '28CPU2Mem16GB.sh': 1}",4-0.8,"{'01noThrottling.sh': 3, '26CPU2Mem4GB.sh': 1}",12-0.8,"{'21CPU025Mem2GB.sh': 1, '22CPU05Mem2GB.sh': 1, '23CPU05Mem4GB.sh': 2, '24CPU1Mem4GB.sh': 1, '25CPU1Mem8GB.sh': 1, '26CPU2Mem4GB.sh': 1, '27CPU2Mem8GB.sh': 2, '28CPU2Mem16GB.sh': 1, '29CPU4Mem8GB.sh': 1, '01noThrottling.sh': 1}"
logback_dot_0.8,2-0.8,"{'19CPU010Mem1GB.sh': 1, '26CPU2Mem4GB.sh': 1}",12-0.8,"{'19CPU010Mem1GB.sh': 2, '20CPU010Mem2GB.sh': 1, '21CPU025Mem2GB.sh': 1, '22CPU05Mem2GB.sh': 1, '23CPU05Mem4GB.sh': 1, '24CPU1Mem4GB.sh': 1, '25CPU1Mem8GB.sh': 1, '26CPU2Mem4GB.sh': 1, '27CPU2Mem8GB.sh': 1, '28CPU2Mem16GB.sh': 1, '01noThrottling.sh': 1}",4-0.8,"{'01noThrottling.sh': 2, '29CPU4Mem8GB.sh': 1, '22CPU05Mem2GB.sh': 1}",10-0.8,"{'19CPU010Mem1GB.sh': 1, '22CPU05Mem2GB.sh': 1, '23CPU05Mem4GB.sh': 1, '24CPU1Mem4GB.sh': 1, '25CPU1Mem8GB.sh': 1, '26CPU2Mem4GB.sh': 1, '27CPU2Mem8GB.sh': 1, '28CPU2Mem16GB.sh': 1, '29CPU4Mem8GB.sh': 1, '01noThrottling.sh': 1}"
luwak_luwak_0.8,1-0.8,{'22CPU05Mem2GB.sh': 1},12-0.8,"{'19CPU010Mem1GB.sh': 1, '21CPU025Mem2GB.sh': 1, '22CPU05Mem2GB.sh': 1, '23CPU05Mem4GB.sh': 1, '24CPU1Mem4GB.sh': 2, '25CPU1Mem8GB.sh': 1, '26CPU2Mem4GB.sh': 2, '27CPU2Mem8GB.sh': 1, '28CPU2Mem16GB.sh': 1, '01noThrottling.sh': 1}",2-0.8,"{'29CPU4Mem8GB.sh': 1, '01noThrottling.sh': 1}",12-0.8,"{'20CPU010Mem2GB.sh': 1, '22CPU05Mem2GB.sh': 1, '24CPU1Mem4GB.sh': 1, '25CPU1Mem8GB.sh': 2, '26CPU2Mem4GB.sh': 2, '27CPU2Mem8GB.sh': 2, '28CPU2Mem16GB.sh': 1, '29CPU4Mem8GB.sh': 1, '01noThrottling.sh': 1}"
noxy_noxy-discovery-zookeeper_0.8,1-0.8,{'26CPU2Mem4GB.sh': 1},2-0.8,"{'19CPU010Mem1GB.sh': 1, '26CPU2Mem4GB.sh': 1}",1-0.8,{'01noThrottling.sh': 1},4-0.8,"{'27CPU2Mem8GB.sh': 2, '19CPU010Mem1GB.sh': 1, '01noThrottling.sh': 1}"
okhttp_dot_0.8,1-0.8,{'22CPU05Mem2GB.sh': 1},12-0.8,"{'19CPU010Mem1GB.sh': 1, '20CPU010Mem2GB.sh': 1, '21CPU025Mem2GB.sh': 1, '22CPU05Mem2GB.sh': 1, '23CPU05Mem4GB.sh': 1, '24CPU1Mem4GB.sh': 2, '25CPU1Mem8GB.sh': 1, '26CPU2Mem4GB.sh': 1, '27CPU2Mem8GB.sh': 1, '28CPU2Mem16GB.sh': 1, '01noThrottling.sh': 1}",10-0.8,"{'29CPU4Mem8GB.sh': 1, '01noThrottling.sh': 9}",12-0.8,"{'19CPU010Mem1GB.sh': 1, '20CPU010Mem2GB.sh': 1, '21CPU025Mem2GB.sh': 1, '22CPU05Mem2GB.sh': 1, '23CPU05Mem4GB.sh': 1, '24CPU1Mem4GB.sh': 1, '25CPU1Mem8GB.sh': 1, '26CPU2Mem4GB.sh': 1, '27CPU2Mem8GB.sh': 1, '28CPU2Mem16GB.sh': 1, '29CPU4Mem8GB.sh': 1, '01noThrottling.sh': 1}"
orbit_dot_0.8,1-0.8,{'19CPU010Mem1GB.sh': 1},12-0.8,"{'19CPU010Mem1GB.sh': 1, '21CPU025Mem2GB.sh': 1, '22CPU05Mem2GB.sh': 2, '24CPU1Mem4GB.sh': 1, '26CPU2Mem4GB.sh': 2, '27CPU2Mem8GB.sh': 1, '28CPU2Mem16GB.sh': 2, '29CPU4Mem8GB.sh': 1, '01noThrottling.sh': 1}",10-0.8,{'29CPU4Mem8GB.sh': 10},10-0.8,"{'24CPU1Mem4GB.sh': 1, '26CPU2Mem4GB.sh': 1, '27CPU2Mem8GB.sh': 3, '28CPU2Mem16GB.sh': 2, '29CPU4Mem8GB.sh': 2, '01noThrottling.sh': 1}"
retrofit_retrofit-adapters.rxjava_0.8,1-0.8,{'22CPU05Mem2GB.sh': 1},8-0.8,"{'19CPU010Mem1GB.sh': 1, '21CPU025Mem2GB.sh': 1, '22CPU05Mem2GB.sh': 1, '24CPU1Mem4GB.sh': 1, '25CPU1Mem8GB.sh': 1, '26CPU2Mem4GB.sh': 2, '27CPU2Mem8GB.sh': 1}",12-0.8,"{'29CPU4Mem8GB.sh': 11, '01noThrottling.sh': 1}",12-0.8,"{'24CPU1Mem4GB.sh': 1, '25CPU1Mem8GB.sh': 1, '26CPU2Mem4GB.sh': 1, '27CPU2Mem8GB.sh': 2, '28CPU2Mem16GB.sh': 2, '29CPU4Mem8GB.sh': 2, '01noThrottling.sh': 3}"
retrofit_retrofit_0.8,1-0.8,{'26CPU2Mem4GB.sh': 1},12-0.8,"{'19CPU010Mem1GB.sh': 1, '21CPU025Mem2GB.sh': 1, '22CPU05Mem2GB.sh': 1, '23CPU05Mem4GB.sh': 1, '24CPU1Mem4GB.sh': 2, '25CPU1Mem8GB.sh': 1, '26CPU2Mem4GB.sh': 2, '27CPU2Mem8GB.sh': 1, '28CPU2Mem16GB.sh': 1, '29CPU4Mem8GB.sh': 1}",8-0.8,{'01noThrottling.sh': 8},10-0.8,"{'19CPU010Mem1GB.sh': 1, '24CPU1Mem4GB.sh': 1, '25CPU1Mem8GB.sh': 1, '26CPU2Mem4GB.sh': 1, '27CPU2Mem8GB.sh': 1, '28CPU2Mem16GB.sh': 2, '29CPU4Mem8GB.sh': 1, '01noThrottling.sh': 2}"
rxjava2-extras_dot_0.8,2-0.8,"{'19CPU010Mem1GB.sh': 1, '22CPU05Mem2GB.sh': 1}",12-0.8,"{'19CPU010Mem1GB.sh': 2, '20CPU010Mem2GB.sh': 1, '21CPU025Mem2GB.sh': 1, '22CPU05Mem2GB.sh': 1, '23CPU05Mem4GB.sh': 1, '24CPU1Mem4GB.sh': 1, '25CPU1Mem8GB.sh': 1, '26CPU2Mem4GB.sh': 1, '27CPU2Mem8GB.sh': 1, '28CPU2Mem16GB.sh': 1, '01noThrottling.sh': 1}",8-0.8,"{'29CPU4Mem8GB.sh': 7, '01noThrottling.sh': 1}",10-0.8,"{'19CPU010Mem1GB.sh': 1, '22CPU05Mem2GB.sh': 1, '23CPU05Mem4GB.sh': 1, '24CPU1Mem4GB.sh': 1, '25CPU1Mem8GB.sh': 1, '26CPU2Mem4GB.sh': 1, '27CPU2Mem8GB.sh': 1, '28CPU2Mem16GB.sh': 1, '29CPU4Mem8GB.sh': 1, '01noThrottling.sh': 1}"
spring-boot_dot_0.8,1-0.8,{'22CPU05Mem2GB.sh': 1},12-0.8,"{'19CPU010Mem1GB.sh': 1, '20CPU010Mem2GB.sh': 1, '21CPU025Mem2GB.sh': 1, '22CPU05Mem2GB.sh': 1, '23CPU05Mem4GB.sh': 1, '24CPU1Mem4GB.sh': 1, '25CPU1Mem8GB.sh': 1, '26CPU2Mem4GB.sh': 2, '27CPU2Mem8GB.sh': 1, '28CPU2Mem16GB.sh': 1, '29CPU4Mem8GB.sh': 1}",12-0.8,{'29CPU4Mem8GB.sh': 12},12-0.8,"{'21CPU025Mem2GB.sh': 1, '22CPU05Mem2GB.sh': 1, '23CPU05Mem4GB.sh': 1, '24CPU1Mem4GB.sh': 1, '25CPU1Mem8GB.sh': 1, '26CPU2Mem4GB.sh': 1, '27CPU2Mem8GB.sh': 1, '28CPU2Mem16GB.sh': 1, '29CPU4Mem8GB.sh': 2, '01noThrottling.sh': 2}"
timely_server_0.8,1-0.8,{'26CPU2Mem4GB.sh': 1},10-0.8,"{'22CPU05Mem2GB.sh': 1, '23CPU05Mem4GB.sh': 1, '24CPU1Mem4GB.sh': 1, '25CPU1Mem8GB.sh': 1, '26CPU2Mem4GB.sh': 3, '27CPU2Mem8GB.sh': 1, '28CPU2Mem16GB.sh': 1, '29CPU4Mem8GB.sh': 1}",8-0.8,"{'29CPU4Mem8GB.sh': 1, '01noThrottling.sh': 7}",12-0.8,"{'21CPU025Mem2GB.sh': 1, '24CPU1Mem4GB.sh': 1, '25CPU1Mem8GB.sh': 1, '26CPU2Mem4GB.sh': 3, '27CPU2Mem8GB.sh': 1, '28CPU2Mem16GB.sh': 2, '29CPU4Mem8GB.sh': 2, '01noThrottling.sh': 1}"
wro4j_wro4j-extensions_0.8,1-0.8,{'26CPU2Mem4GB.sh': 1},12-0.8,"{'21CPU025Mem2GB.sh': 1, '22CPU05Mem2GB.sh': 1, '23CPU05Mem4GB.sh': 1, '24CPU1Mem4GB.sh': 1, '25CPU1Mem8GB.sh': 1, '26CPU2Mem4GB.sh': 2, '27CPU2Mem8GB.sh': 1, '28CPU2Mem16GB.sh': 2, '29CPU4Mem8GB.sh': 1, '01noThrottling.sh': 1}",8-0.8,"{'29CPU4Mem8GB.sh': 7, '01noThrottling.sh': 1}",12-0.8,"{'23CPU05Mem4GB.sh': 1, '24CPU1Mem4GB.sh': 3, '25CPU1Mem8GB.sh': 1, '26CPU2Mem4GB.sh': 2, '27CPU2Mem8GB.sh': 1, '28CPU2Mem16GB.sh': 1, '29CPU4Mem8GB.sh': 2, '01noThrottling.sh': 1}"
yawp_yawp-testing.yawp-testing-appengine_0.8,1-0.8,{'22CPU05Mem2GB.sh': 1},1-0.8,{'26CPU2Mem4GB.sh': 1},1-0.8,{'29CPU4Mem8GB.sh': 1},1-0.8,{'01noThrottling.sh': 1}
zxing_dot_0.8,1-0.8,{'24CPU1Mem4GB.sh': 1},12-0.8,"{'19CPU010Mem1GB.sh': 1, '21CPU025Mem2GB.sh': 1, '22CPU05Mem2GB.sh': 1, '23CPU05Mem4GB.sh': 1, '24CPU1Mem4GB.sh': 3, '25CPU1Mem8GB.sh': 1, '26CPU2Mem4GB.sh': 1, '27CPU2Mem8GB.sh': 1, '28CPU2Mem16GB.sh': 1, '29CPU4Mem8GB.sh': 1}",2-0.8,"{'29CPU4Mem8GB.sh': 1, '01noThrottling.sh': 1}",10-0.8,"{'21CPU025Mem2GB.sh': 1, '22CPU05Mem2GB.sh': 1, '23CPU05Mem4GB.sh': 1, '24CPU1Mem4GB.sh': 1, '25CPU1Mem8GB.sh': 1, '26CPU2Mem4GB.sh': 1, '27CPU2Mem8GB.sh': 1, '28CPU2Mem16GB.sh': 1, '29CPU4Mem8GB.sh': 1, '01noThrottling.sh': 1}"
carbon-apimgt_analyzer-modules.org.wso2.carbon.apimgt.throttling.siddhi.extension_0,1-0,{'22CPU05Mem2GB.sh': 1},2-0,"{'19CPU010Mem1GB.sh': 1, '22CPU05Mem2GB.sh': 1}",1-0,{'29CPU4Mem8GB.sh': 1},2-0,"{'28CPU2Mem16GB.sh': 1, '29CPU4Mem8GB.sh': 1}"
elastic-job-lite_dot_0,1-0,{'22CPU05Mem2GB.sh': 1},12-0,"{'19CPU010Mem1GB.sh': 1, '20CPU010Mem2GB.sh': 1, '21CPU025Mem2GB.sh': 1, '22CPU05Mem2GB.sh': 1, '23CPU05Mem4GB.sh': 1, '24CPU1Mem4GB.sh': 1, '25CPU1Mem8GB.sh': 1, '26CPU2Mem4GB.sh': 2, '27CPU2Mem8GB.sh': 1, '28CPU2Mem16GB.sh': 1, '29CPU4Mem8GB.sh': 1}",10-0,{'01noThrottling.sh': 10},12-0,"{'19CPU010Mem1GB.sh': 1, '21CPU025Mem2GB.sh': 1, '22CPU05Mem2GB.sh': 1, '23CPU05Mem4GB.sh': 2, '24CPU1Mem4GB.sh': 1, '25CPU1Mem8GB.sh': 1, '26CPU2Mem4GB.sh': 1, '27CPU2Mem8GB.sh': 1, '28CPU2Mem16GB.sh': 1, '29CPU4Mem8GB.sh': 1, '01noThrottling.sh': 1}"
elastic-job-lite_elastic-job-lite-core_0,1-0,{'22CPU05Mem2GB.sh': 1},10-0,"{'19CPU010Mem1GB.sh': 1, '20CPU010Mem2GB.sh': 1, '21CPU025Mem2GB.sh': 1, '22CPU05Mem2GB.sh': 1, '23CPU05Mem4GB.sh': 1, '24CPU1Mem4GB.sh': 1, '25CPU1Mem8GB.sh': 1, '26CPU2Mem4GB.sh': 1, '27CPU2Mem8GB.sh': 1, '28CPU2Mem16GB.sh': 1}",4-0,"{'29CPU4Mem8GB.sh': 1, '01noThrottling.sh': 3}",6-0,"{'19CPU010Mem1GB.sh': 1, '21CPU025Mem2GB.sh': 1, '26CPU2Mem4GB.sh': 1, '27CPU2Mem8GB.sh': 1, '29CPU4Mem8GB.sh': 1, '01noThrottling.sh': 1}"
fastjson_dot_0,2-0,"{'22CPU05Mem2GB.sh': 1, '26CPU2Mem4GB.sh': 1}",12-0,"{'19CPU010Mem1GB.sh': 1, '20CPU010Mem2GB.sh': 1, '21CPU025Mem2GB.sh': 1, '22CPU05Mem2GB.sh': 1, '23CPU05Mem4GB.sh': 1, '24CPU1Mem4GB.sh': 1, '25CPU1Mem8GB.sh': 1, '26CPU2Mem4GB.sh': 1, '27CPU2Mem8GB.sh': 1, '28CPU2Mem16GB.sh': 1, '29CPU4Mem8GB.sh': 1, '01noThrottling.sh': 1}",2-0,"{'29CPU4Mem8GB.sh': 1, '01noThrottling.sh': 1}",10-0,"{'21CPU025Mem2GB.sh': 1, '22CPU05Mem2GB.sh': 1, '23CPU05Mem4GB.sh': 1, '24CPU1Mem4GB.sh': 1, '25CPU1Mem8GB.sh': 1, '26CPU2Mem4GB.sh': 1, '27CPU2Mem8GB.sh': 1, '28CPU2Mem16GB.sh': 1, '29CPU4Mem8GB.sh': 1, '01noThrottling.sh': 1}"
fluent-logger-java_dot_0,2-0,"{'19CPU010Mem1GB.sh': 1, '22CPU05Mem2GB.sh': 1}",10-0,"{'19CPU010Mem1GB.sh': 4, '21CPU025Mem2GB.sh': 2, '22CPU05Mem2GB.sh': 2, '24CPU1Mem4GB.sh': 1, '01noThrottling.sh': 1}",6-0,"{'26CPU2Mem4GB.sh': 1, '27CPU2Mem8GB.sh': 1, '28CPU2Mem16GB.sh': 2, '29CPU4Mem8GB.sh': 1, '01noThrottling.sh': 1}",12-0,"{'19CPU010Mem1GB.sh': 2, '20CPU010Mem2GB.sh': 1, '22CPU05Mem2GB.sh': 3, '25CPU1Mem8GB.sh': 1, '27CPU2Mem8GB.sh': 1, '28CPU2Mem16GB.sh': 2, '29CPU4Mem8GB.sh': 1, '01noThrottling.sh': 1}"
http-request_dot_0,1-0,{'26CPU2Mem4GB.sh': 1},10-0,"{'19CPU010Mem1GB.sh': 1, '21CPU025Mem2GB.sh': 1, '22CPU05Mem2GB.sh': 1, '23CPU05Mem4GB.sh': 1, '24CPU1Mem4GB.sh': 1, '25CPU1Mem8GB.sh': 1, '26CPU2Mem4GB.sh': 1, '27CPU2Mem8GB.sh': 1, '28CPU2Mem16GB.sh': 1, '29CPU4Mem8GB.sh': 1}",12-0,{'29CPU4Mem8GB.sh': 12},12-0,"{'24CPU1Mem4GB.sh': 1, '25CPU1Mem8GB.sh': 1, '26CPU2Mem4GB.sh': 1, '27CPU2Mem8GB.sh': 2, '28CPU2Mem16GB.sh': 2, '29CPU4Mem8GB.sh': 3, '01noThrottling.sh': 2}"
hutool_hutool-cron_0,1-0,{'26CPU2Mem4GB.sh': 1},2-0,{'26CPU2Mem4GB.sh': 2},2-0,"{'29CPU4Mem8GB.sh': 1, '01noThrottling.sh': 1}",4-0,"{'27CPU2Mem8GB.sh': 1, '28CPU2Mem16GB.sh': 1, '01noThrottling.sh': 1, '26CPU2Mem4GB.sh': 1}"
incubator-dubbo_dubbo-remoting.dubbo-remoting-netty_0,1-0,{'27CPU2Mem8GB.sh': 1},8-0,"{'19CPU010Mem1GB.sh': 2, '20CPU010Mem2GB.sh': 1, '22CPU05Mem2GB.sh': 1, '24CPU1Mem4GB.sh': 1, '25CPU1Mem8GB.sh': 1, '26CPU2Mem4GB.sh': 1, '27CPU2Mem8GB.sh': 1}",2-0,"{'27CPU2Mem8GB.sh': 1, '29CPU4Mem8GB.sh': 1}",8-0,"{'19CPU010Mem1GB.sh': 1, '24CPU1Mem4GB.sh': 1, '25CPU1Mem8GB.sh': 1, '26CPU2Mem4GB.sh': 1, '27CPU2Mem8GB.sh': 1, '28CPU2Mem16GB.sh': 1, '29CPU4Mem8GB.sh': 1, '01noThrottling.sh': 1}"
luwak_luwak_0,1-0,{'24CPU1Mem4GB.sh': 1},10-0,"{'19CPU010Mem1GB.sh': 1, '21CPU025Mem2GB.sh': 1, '22CPU05Mem2GB.sh': 1, '23CPU05Mem4GB.sh': 1, '24CPU1Mem4GB.sh': 1, '25CPU1Mem8GB.sh': 1, '26CPU2Mem4GB.sh': 1, '27CPU2Mem8GB.sh': 1, '28CPU2Mem16GB.sh': 1, '01noThrottling.sh': 1}",2-0,"{'29CPU4Mem8GB.sh': 1, '01noThrottling.sh': 1}",12-0,"{'22CPU05Mem2GB.sh': 1, '24CPU1Mem4GB.sh': 1, '25CPU1Mem8GB.sh': 1, '26CPU2Mem4GB.sh': 2, '27CPU2Mem8GB.sh': 1, '28CPU2Mem16GB.sh': 1, '29CPU4Mem8GB.sh': 3, '01noThrottling.sh': 2}"
noxy_noxy-discovery-zookeeper_0,1-0,{'26CPU2Mem4GB.sh': 1},2-0,"{'19CPU010Mem1GB.sh': 1, '26CPU2Mem4GB.sh': 1}",1-0,{'01noThrottling.sh': 1},4-0,"{'27CPU2Mem8GB.sh': 2, '01noThrottling.sh': 1, '25CPU1Mem8GB.sh': 1}"
retrofit_retrofit-adapters.rxjava_0,1-0,{'22CPU05Mem2GB.sh': 1},8-0,"{'19CPU010Mem1GB.sh': 1, '21CPU025Mem2GB.sh': 1, '22CPU05Mem2GB.sh': 1, '24CPU1Mem4GB.sh': 1, '25CPU1Mem8GB.sh': 1, '26CPU2Mem4GB.sh': 2, '27CPU2Mem8GB.sh': 1}",12-0,"{'29CPU4Mem8GB.sh': 11, '01noThrottling.sh': 1}",8-0,"{'24CPU1Mem4GB.sh': 1, '25CPU1Mem8GB.sh': 1, '26CPU2Mem4GB.sh': 1, '27CPU2Mem8GB.sh': 2, '28CPU2Mem16GB.sh': 1, '29CPU4Mem8GB.sh': 1, '01noThrottling.sh': 1}"
spring-boot_dot_0,2-0,"{'22CPU05Mem2GB.sh': 1, '26CPU2Mem4GB.sh': 1}",12-0,"{'19CPU010Mem1GB.sh': 1, '20CPU010Mem2GB.sh': 1, '21CPU025Mem2GB.sh': 1, '22CPU05Mem2GB.sh': 1, '23CPU05Mem4GB.sh': 1, '24CPU1Mem4GB.sh': 1, '25CPU1Mem8GB.sh': 1, '26CPU2Mem4GB.sh': 2, '27CPU2Mem8GB.sh': 1, '28CPU2Mem16GB.sh': 1, '29CPU4Mem8GB.sh': 1}",8-0,"{'29CPU4Mem8GB.sh': 7, '26CPU2Mem4GB.sh': 1}",12-0,"{'21CPU025Mem2GB.sh': 1, '22CPU05Mem2GB.sh': 1, '23CPU05Mem4GB.sh': 1, '24CPU1Mem4GB.sh': 1, '25CPU1Mem8GB.sh': 1, '26CPU2Mem4GB.sh': 2, '27CPU2Mem8GB.sh': 1, '28CPU2Mem16GB.sh': 1, '29CPU4Mem8GB.sh': 2, '01noThrottling.sh': 1}"
activiti_dot_1,1-1,{'22CPU05Mem2GB.sh': 1},12-1,"{'19CPU010Mem1GB.sh': 2, '20CPU010Mem2GB.sh': 1, '21CPU025Mem2GB.sh': 2, '22CPU05Mem2GB.sh': 1, '23CPU05Mem4GB.sh': 1, '24CPU1Mem4GB.sh': 1, '25CPU1Mem8GB.sh': 1, '26CPU2Mem4GB.sh': 2, '27CPU2Mem8GB.sh': 1}",6-1,"{'29CPU4Mem8GB.sh': 1, '01noThrottling.sh': 5}",12-1,"{'20CPU010Mem2GB.sh': 1, '22CPU05Mem2GB.sh': 1, '23CPU05Mem4GB.sh': 1, '24CPU1Mem4GB.sh': 1, '25CPU1Mem8GB.sh': 1, '26CPU2Mem4GB.sh': 1, '27CPU2Mem8GB.sh': 2, '28CPU2Mem16GB.sh': 1, '29CPU4Mem8GB.sh': 2, '01noThrottling.sh': 1}"
assertj-core_dot_1,1-1,{'26CPU2Mem4GB.sh': 1},12-1,"{'19CPU010Mem1GB.sh': 1, '20CPU010Mem2GB.sh': 1, '21CPU025Mem2GB.sh': 1, '22CPU05Mem2GB.sh': 1, '23CPU05Mem4GB.sh': 1, '24CPU1Mem4GB.sh': 1, '25CPU1Mem8GB.sh': 1, '26CPU2Mem4GB.sh': 1, '27CPU2Mem8GB.sh': 1, '28CPU2Mem16GB.sh': 1, '29CPU4Mem8GB.sh': 1, '01noThrottling.sh': 1}",12-1,"{'29CPU4Mem8GB.sh': 11, '01noThrottling.sh': 1}",12-1,"{'19CPU010Mem1GB.sh': 1, '20CPU010Mem2GB.sh': 1, '21CPU025Mem2GB.sh': 1, '22CPU05Mem2GB.sh': 1, '23CPU05Mem4GB.sh': 1, '24CPU1Mem4GB.sh': 1, '25CPU1Mem8GB.sh': 1, '26CPU2Mem4GB.sh': 1, '27CPU2Mem8GB.sh': 1, '28CPU2Mem16GB.sh': 1, '29CPU4Mem8GB.sh': 1, '01noThrottling.sh': 1}"
carbon-apimgt_analyzer-modules.org.wso2.carbon.apimgt.throttling.siddhi.extension_1,1-1,{'19CPU010Mem1GB.sh': 1},2-1,{'19CPU010Mem1GB.sh': 2},1-1,{'29CPU4Mem8GB.sh': 1},2-1,"{'29CPU4Mem8GB.sh': 1, '25CPU1Mem8GB.sh': 1}"
commons-exec_dot_1,1-1,{'19CPU010Mem1GB.sh': 1},8-1,"{'19CPU010Mem1GB.sh': 1, '21CPU025Mem2GB.sh': 1, '22CPU05Mem2GB.sh': 1, '23CPU05Mem4GB.sh': 1, '24CPU1Mem4GB.sh': 1, '25CPU1Mem8GB.sh': 1, '26CPU2Mem4GB.sh': 1, '29CPU4Mem8GB.sh': 1}",8-1,{'01noThrottling.sh': 8},2-1,"{'29CPU4Mem8GB.sh': 1, '26CPU2Mem4GB.sh': 1}"
db-scheduler_dot_1,1-1,{'22CPU05Mem2GB.sh': 1},6-1,"{'19CPU010Mem1GB.sh': 1, '21CPU025Mem2GB.sh': 1, '22CPU05Mem2GB.sh': 1, '23CPU05Mem4GB.sh': 1, '26CPU2Mem4GB.sh': 1, '27CPU2Mem8GB.sh': 1}",6-1,{'29CPU4Mem8GB.sh': 6},8-1,"{'24CPU1Mem4GB.sh': 1, '26CPU2Mem4GB.sh': 1, '27CPU2Mem8GB.sh': 1, '28CPU2Mem16GB.sh': 1, '29CPU4Mem8GB.sh': 2, '01noThrottling.sh': 2}"
delight-nashorn-sandbox_dot_1,1-1,{'26CPU2Mem4GB.sh': 1},6-1,"{'21CPU025Mem2GB.sh': 1, '22CPU05Mem2GB.sh': 1, '24CPU1Mem4GB.sh': 1, '26CPU2Mem4GB.sh': 3}",4-1,"{'29CPU4Mem8GB.sh': 2, '01noThrottling.sh': 1, '26CPU2Mem4GB.sh': 1}",12-1,"{'19CPU010Mem1GB.sh': 2, '21CPU025Mem2GB.sh': 1, '23CPU05Mem4GB.sh': 1, '25CPU1Mem8GB.sh': 1, '26CPU2Mem4GB.sh': 2, '27CPU2Mem8GB.sh': 1, '28CPU2Mem16GB.sh': 1, '29CPU4Mem8GB.sh': 2, '01noThrottling.sh': 1}"
elastic-job-lite_dot_1,1-1,{'22CPU05Mem2GB.sh': 1},12-1,"{'19CPU010Mem1GB.sh': 1, '20CPU010Mem2GB.sh': 1, '21CPU025Mem2GB.sh': 1, '22CPU05Mem2GB.sh': 2, '23CPU05Mem4GB.sh': 1, '24CPU1Mem4GB.sh': 1, '25CPU1Mem8GB.sh': 1, '26CPU2Mem4GB.sh': 1, '27CPU2Mem8GB.sh': 1, '28CPU2Mem16GB.sh': 1, '29CPU4Mem8GB.sh': 1}",10-1,{'01noThrottling.sh': 10},12-1,"{'19CPU010Mem1GB.sh': 1, '21CPU025Mem2GB.sh': 1, '22CPU05Mem2GB.sh': 1, '23CPU05Mem4GB.sh': 1, '24CPU1Mem4GB.sh': 1, '25CPU1Mem8GB.sh': 1, '26CPU2Mem4GB.sh': 1, '27CPU2Mem8GB.sh': 2, '28CPU2Mem16GB.sh': 1, '29CPU4Mem8GB.sh': 1, '01noThrottling.sh': 1}"
elastic-job-lite_elastic-job-lite-core_1,1-1,{'22CPU05Mem2GB.sh': 1},12-1,"{'19CPU010Mem1GB.sh': 2, '21CPU025Mem2GB.sh': 1, '22CPU05Mem2GB.sh': 1, '23CPU05Mem4GB.sh': 1, '24CPU1Mem4GB.sh': 1, '25CPU1Mem8GB.sh': 1, '26CPU2Mem4GB.sh': 1, '27CPU2Mem8GB.sh': 3, '28CPU2Mem16GB.sh': 1}",12-1,"{'29CPU4Mem8GB.sh': 1, '01noThrottling.sh': 11}",6-1,"{'19CPU010Mem1GB.sh': 1, '21CPU025Mem2GB.sh': 1, '26CPU2Mem4GB.sh': 1, '27CPU2Mem8GB.sh': 1, '29CPU4Mem8GB.sh': 1, '01noThrottling.sh': 1}"
esper_examples.rfidassetzone_1,1-1,{'22CPU05Mem2GB.sh': 1},2-1,"{'19CPU010Mem1GB.sh': 1, '26CPU2Mem4GB.sh': 1}",1-1,{'01noThrottling.sh': 1},1-1,{'01noThrottling.sh': 1}
fastjson_dot_1,1-1,{'22CPU05Mem2GB.sh': 1},12-1,"{'19CPU010Mem1GB.sh': 1, '20CPU010Mem2GB.sh': 1, '21CPU025Mem2GB.sh': 1, '22CPU05Mem2GB.sh': 1, '23CPU05Mem4GB.sh': 1, '24CPU1Mem4GB.sh': 1, '25CPU1Mem8GB.sh': 1, '26CPU2Mem4GB.sh': 1, '27CPU2Mem8GB.sh': 1, '28CPU2Mem16GB.sh': 1, '29CPU4Mem8GB.sh': 1, '01noThrottling.sh': 1}",2-1,"{'29CPU4Mem8GB.sh': 1, '01noThrottling.sh': 1}",10-1,"{'21CPU025Mem2GB.sh': 1, '22CPU05Mem2GB.sh': 1, '23CPU05Mem4GB.sh': 1, '24CPU1Mem4GB.sh': 1, '25CPU1Mem8GB.sh': 1, '26CPU2Mem4GB.sh': 1, '27CPU2Mem8GB.sh': 1, '28CPU2Mem16GB.sh': 1, '29CPU4Mem8GB.sh': 1, '01noThrottling.sh': 1}"
fluent-logger-java_dot_1,4-1,"{'27CPU2Mem8GB.sh': 1, '19CPU010Mem1GB.sh': 1, '01noThrottling.sh': 1, '26CPU2Mem4GB.sh': 1}",4-1,"{'19CPU010Mem1GB.sh': 2, '21CPU025Mem2GB.sh': 1, '22CPU05Mem2GB.sh': 1}",8-1,"{'26CPU2Mem4GB.sh': 1, '27CPU2Mem8GB.sh': 2, '28CPU2Mem16GB.sh': 1, '29CPU4Mem8GB.sh': 2, '01noThrottling.sh': 2}",6-1,"{'22CPU05Mem2GB.sh': 1, '25CPU1Mem8GB.sh': 1, '27CPU2Mem8GB.sh': 1, '28CPU2Mem16GB.sh': 1, '29CPU4Mem8GB.sh': 1, '01noThrottling.sh': 1}"
handlebars.java_dot_1,1-1,{'26CPU2Mem4GB.sh': 1},12-1,"{'19CPU010Mem1GB.sh': 1, '21CPU025Mem2GB.sh': 1, '22CPU05Mem2GB.sh': 2, '23CPU05Mem4GB.sh': 1, '24CPU1Mem4GB.sh': 1, '25CPU1Mem8GB.sh': 1, '26CPU2Mem4GB.sh': 2, '27CPU2Mem8GB.sh': 1, '28CPU2Mem16GB.sh': 1, '29CPU4Mem8GB.sh': 1}",12-1,{'29CPU4Mem8GB.sh': 12},10-1,"{'19CPU010Mem1GB.sh': 1, '22CPU05Mem2GB.sh': 1, '23CPU05Mem4GB.sh': 1, '24CPU1Mem4GB.sh': 1, '25CPU1Mem8GB.sh': 1, '26CPU2Mem4GB.sh': 1, '27CPU2Mem8GB.sh': 1, '28CPU2Mem16GB.sh': 1, '29CPU4Mem8GB.sh': 1, '01noThrottling.sh': 1}"
hbase_dot_1,1-1,{'19CPU010Mem1GB.sh': 1},12-1,"{'19CPU010Mem1GB.sh': 2, '20CPU010Mem2GB.sh': 1, '21CPU025Mem2GB.sh': 1, '22CPU05Mem2GB.sh': 1, '23CPU05Mem4GB.sh': 1, '24CPU1Mem4GB.sh': 2, '25CPU1Mem8GB.sh': 1, '26CPU2Mem4GB.sh': 1, '27CPU2Mem8GB.sh': 1, '28CPU2Mem16GB.sh': 1}",2-1,"{'20CPU010Mem2GB.sh': 1, '29CPU4Mem8GB.sh': 1}",12-1,"{'19CPU010Mem1GB.sh': 1, '20CPU010Mem2GB.sh': 1, '21CPU025Mem2GB.sh': 1, '22CPU05Mem2GB.sh': 1, '23CPU05Mem4GB.sh': 1, '24CPU1Mem4GB.sh': 1, '25CPU1Mem8GB.sh': 1, '26CPU2Mem4GB.sh': 1, '27CPU2Mem8GB.sh': 1, '28CPU2Mem16GB.sh': 1, '29CPU4Mem8GB.sh': 1, '01noThrottling.sh': 1}"
http-request_dot_1,1-1,{'26CPU2Mem4GB.sh': 1},10-1,"{'19CPU010Mem1GB.sh': 2, '21CPU025Mem2GB.sh': 1, '22CPU05Mem2GB.sh': 1, '23CPU05Mem4GB.sh': 1, '24CPU1Mem4GB.sh': 1, '25CPU1Mem8GB.sh': 1, '26CPU2Mem4GB.sh': 1, '27CPU2Mem8GB.sh': 1, '28CPU2Mem16GB.sh': 1}",12-1,{'29CPU4Mem8GB.sh': 12},12-1,"{'24CPU1Mem4GB.sh': 1, '25CPU1Mem8GB.sh': 1, '26CPU2Mem4GB.sh': 2, '27CPU2Mem8GB.sh': 1, '28CPU2Mem16GB.sh': 3, '29CPU4Mem8GB.sh': 2, '01noThrottling.sh': 2}"
httpcore_dot_1,1-1,{'22CPU05Mem2GB.sh': 1},10-1,"{'19CPU010Mem1GB.sh': 1, '20CPU010Mem2GB.sh': 1, '21CPU025Mem2GB.sh': 1, '22CPU05Mem2GB.sh': 1, '23CPU05Mem4GB.sh': 1, '24CPU1Mem4GB.sh': 1, '25CPU1Mem8GB.sh': 1, '26CPU2Mem4GB.sh': 1, '27CPU2Mem8GB.sh': 1, '28CPU2Mem16GB.sh': 1}",10-1,"{'01noThrottling.sh': 9, '26CPU2Mem4GB.sh': 1}",8-1,"{'23CPU05Mem4GB.sh': 1, '24CPU1Mem4GB.sh': 1, '25CPU1Mem8GB.sh': 1, '26CPU2Mem4GB.sh': 1, '27CPU2Mem8GB.sh': 1, '28CPU2Mem16GB.sh': 1, '29CPU4Mem8GB.sh': 1, '01noThrottling.sh': 1}"
hutool_hutool-cron_1,1-1,{'26CPU2Mem4GB.sh': 1},2-1,{'26CPU2Mem4GB.sh': 2},2-1,"{'29CPU4Mem8GB.sh': 1, '01noThrottling.sh': 1}",4-1,"{'27CPU2Mem8GB.sh': 1, '28CPU2Mem16GB.sh': 1, '01noThrottling.sh': 1, '26CPU2Mem4GB.sh': 1}"
incubator-dubbo_dubbo-remoting.dubbo-remoting-netty_1,1-1,{'19CPU010Mem1GB.sh': 1},6-1,"{'19CPU010Mem1GB.sh': 1, '22CPU05Mem2GB.sh': 1, '24CPU1Mem4GB.sh': 1, '25CPU1Mem8GB.sh': 1, '26CPU2Mem4GB.sh': 2}",4-1,{'29CPU4Mem8GB.sh': 4},12-1,"{'19CPU010Mem1GB.sh': 1, '20CPU010Mem2GB.sh': 1, '22CPU05Mem2GB.sh': 1, '24CPU1Mem4GB.sh': 1, '25CPU1Mem8GB.sh': 1, '26CPU2Mem4GB.sh': 1, '27CPU2Mem8GB.sh': 2, '28CPU2Mem16GB.sh': 1, '29CPU4Mem8GB.sh': 2, '01noThrottling.sh': 1}"
incubator-dubbo_dubbo-rpc.dubbo-rpc-dubbo_1,1-1,{'19CPU010Mem1GB.sh': 1},6-1,"{'19CPU010Mem1GB.sh': 1, '21CPU025Mem2GB.sh': 1, '22CPU05Mem2GB.sh': 1, '24CPU1Mem4GB.sh': 1, '26CPU2Mem4GB.sh': 1, '27CPU2Mem8GB.sh': 1}",8-1,"{'01noThrottling.sh': 7, '26CPU2Mem4GB.sh': 1}",10-1,"{'21CPU025Mem2GB.sh': 1, '22CPU05Mem2GB.sh': 1, '23CPU05Mem4GB.sh': 1, '24CPU1Mem4GB.sh': 1, '25CPU1Mem8GB.sh': 1, '26CPU2Mem4GB.sh': 1, '27CPU2Mem8GB.sh': 1, '28CPU2Mem16GB.sh': 1, '29CPU4Mem8GB.sh': 1, '01noThrottling.sh': 1}"
logback_dot_1,1-1,{'19CPU010Mem1GB.sh': 1},12-1,"{'19CPU010Mem1GB.sh': 2, '20CPU010Mem2GB.sh': 1, '21CPU025Mem2GB.sh': 1, '22CPU05Mem2GB.sh': 1, '23CPU05Mem4GB.sh': 1, '24CPU1Mem4GB.sh': 1, '25CPU1Mem8GB.sh': 1, '26CPU2Mem4GB.sh': 1, '27CPU2Mem8GB.sh': 1, '28CPU2Mem16GB.sh': 1, '01noThrottling.sh': 1}",4-1,"{'01noThrottling.sh': 2, '29CPU4Mem8GB.sh': 1, '22CPU05Mem2GB.sh': 1}",12-1,"{'19CPU010Mem1GB.sh': 1, '20CPU010Mem2GB.sh': 1, '21CPU025Mem2GB.sh': 1, '22CPU05Mem2GB.sh': 1, '23CPU05Mem4GB.sh': 1, '24CPU1Mem4GB.sh': 1, '25CPU1Mem8GB.sh': 1, '26CPU2Mem4GB.sh': 1, '27CPU2Mem8GB.sh': 1, '28CPU2Mem16GB.sh': 1, '29CPU4Mem8GB.sh': 1, '01noThrottling.sh': 1}"
luwak_luwak_1,1-1,{'22CPU05Mem2GB.sh': 1},12-1,"{'19CPU010Mem1GB.sh': 1, '21CPU025Mem2GB.sh': 1, '22CPU05Mem2GB.sh': 1, '23CPU05Mem4GB.sh': 2, '24CPU1Mem4GB.sh': 1, '25CPU1Mem8GB.sh': 1, '26CPU2Mem4GB.sh': 2, '27CPU2Mem8GB.sh': 1, '28CPU2Mem16GB.sh': 1, '01noThrottling.sh': 1}",2-1,"{'29CPU4Mem8GB.sh': 1, '01noThrottling.sh': 1}",12-1,"{'22CPU05Mem2GB.sh': 2, '24CPU1Mem4GB.sh': 1, '25CPU1Mem8GB.sh': 2, '26CPU2Mem4GB.sh': 1, '27CPU2Mem8GB.sh': 2, '28CPU2Mem16GB.sh': 1, '29CPU4Mem8GB.sh': 2, '01noThrottling.sh': 1}"
ninja_dot_1,1-1,{'22CPU05Mem2GB.sh': 1},12-1,"{'19CPU010Mem1GB.sh': 1, '21CPU025Mem2GB.sh': 1, '22CPU05Mem2GB.sh': 3, '23CPU05Mem4GB.sh': 1, '24CPU1Mem4GB.sh': 1, '25CPU1Mem8GB.sh': 1, '26CPU2Mem4GB.sh': 2, '27CPU2Mem8GB.sh': 1, '28CPU2Mem16GB.sh': 1}",4-1,{'01noThrottling.sh': 4},10-1,"{'22CPU05Mem2GB.sh': 1, '23CPU05Mem4GB.sh': 1, '24CPU1Mem4GB.sh': 1, '25CPU1Mem8GB.sh': 1, '26CPU2Mem4GB.sh': 1, '27CPU2Mem8GB.sh': 1, '28CPU2Mem16GB.sh': 1, '29CPU4Mem8GB.sh': 1, '01noThrottling.sh': 2}"
noxy_noxy-discovery-zookeeper_1,1-1,{'26CPU2Mem4GB.sh': 1},2-1,"{'19CPU010Mem1GB.sh': 1, '26CPU2Mem4GB.sh': 1}",1-1,{'01noThrottling.sh': 1},4-1,"{'27CPU2Mem8GB.sh': 2, '19CPU010Mem1GB.sh': 1, '01noThrottling.sh': 1}"
okhttp_dot_1,1-1,{'22CPU05Mem2GB.sh': 1},12-1,"{'19CPU010Mem1GB.sh': 2, '20CPU010Mem2GB.sh': 1, '21CPU025Mem2GB.sh': 1, '22CPU05Mem2GB.sh': 1, '23CPU05Mem4GB.sh': 1, '24CPU1Mem4GB.sh': 1, '25CPU1Mem8GB.sh': 1, '26CPU2Mem4GB.sh': 1, '27CPU2Mem8GB.sh': 1, '28CPU2Mem16GB.sh': 1, '01noThrottling.sh': 1}",10-1,"{'29CPU4Mem8GB.sh': 1, '01noThrottling.sh': 9}",12-1,"{'19CPU010Mem1GB.sh': 1, '20CPU010Mem2GB.sh': 1, '21CPU025Mem2GB.sh': 1, '22CPU05Mem2GB.sh': 1, '23CPU05Mem4GB.sh': 1, '24CPU1Mem4GB.sh': 1, '25CPU1Mem8GB.sh': 1, '26CPU2Mem4GB.sh': 1, '27CPU2Mem8GB.sh': 1, '28CPU2Mem16GB.sh': 1, '29CPU4Mem8GB.sh': 1, '01noThrottling.sh': 1}"
orbit_dot_1,1-1,{'19CPU010Mem1GB.sh': 1},12-1,"{'19CPU010Mem1GB.sh': 1, '21CPU025Mem2GB.sh': 2, '22CPU05Mem2GB.sh': 2, '24CPU1Mem4GB.sh': 1, '26CPU2Mem4GB.sh': 4, '27CPU2Mem8GB.sh': 1, '28CPU2Mem16GB.sh': 1}",10-1,{'29CPU4Mem8GB.sh': 10},10-1,"{'21CPU025Mem2GB.sh': 1, '22CPU05Mem2GB.sh': 1, '24CPU1Mem4GB.sh': 1, '25CPU1Mem8GB.sh': 1, '26CPU2Mem4GB.sh': 1, '27CPU2Mem8GB.sh': 1, '28CPU2Mem16GB.sh': 1, '29CPU4Mem8GB.sh': 2, '01noThrottling.sh': 1}"
retrofit_retrofit-adapters.rxjava_1,1-1,{'22CPU05Mem2GB.sh': 1},8-1,"{'19CPU010Mem1GB.sh': 1, '21CPU025Mem2GB.sh': 1, '22CPU05Mem2GB.sh': 1, '24CPU1Mem4GB.sh': 1, '25CPU1Mem8GB.sh': 1, '26CPU2Mem4GB.sh': 2, '27CPU2Mem8GB.sh': 1}",12-1,"{'29CPU4Mem8GB.sh': 11, '01noThrottling.sh': 1}",12-1,"{'24CPU1Mem4GB.sh': 1, '25CPU1Mem8GB.sh': 1, '26CPU2Mem4GB.sh': 2, '27CPU2Mem8GB.sh': 2, '28CPU2Mem16GB.sh': 2, '29CPU4Mem8GB.sh': 2, '01noThrottling.sh': 2}"
retrofit_retrofit_1,1-1,{'26CPU2Mem4GB.sh': 1},12-1,"{'19CPU010Mem1GB.sh': 1, '21CPU025Mem2GB.sh': 1, '22CPU05Mem2GB.sh': 1, '23CPU05Mem4GB.sh': 1, '24CPU1Mem4GB.sh': 1, '25CPU1Mem8GB.sh': 1, '26CPU2Mem4GB.sh': 2, '27CPU2Mem8GB.sh': 1, '28CPU2Mem16GB.sh': 1, '29CPU4Mem8GB.sh': 1, '01noThrottling.sh': 1}",8-1,{'01noThrottling.sh': 8},10-1,"{'19CPU010Mem1GB.sh': 1, '21CPU025Mem2GB.sh': 1, '23CPU05Mem4GB.sh': 1, '24CPU1Mem4GB.sh': 1, '25CPU1Mem8GB.sh': 1, '26CPU2Mem4GB.sh': 1, '27CPU2Mem8GB.sh': 1, '28CPU2Mem16GB.sh': 1, '29CPU4Mem8GB.sh': 1, '01noThrottling.sh': 1}"
rxjava2-extras_dot_1,2-1,"{'19CPU010Mem1GB.sh': 1, '22CPU05Mem2GB.sh': 1}",10-1,"{'19CPU010Mem1GB.sh': 1, '20CPU010Mem2GB.sh': 1, '21CPU025Mem2GB.sh': 1, '22CPU05Mem2GB.sh': 1, '23CPU05Mem4GB.sh': 1, '24CPU1Mem4GB.sh': 1, '25CPU1Mem8GB.sh': 1, '26CPU2Mem4GB.sh': 1, '27CPU2Mem8GB.sh': 1, '28CPU2Mem16GB.sh': 1}",10-1,"{'29CPU4Mem8GB.sh': 9, '01noThrottling.sh': 1}",8-1,"{'19CPU010Mem1GB.sh': 1, '22CPU05Mem2GB.sh': 1, '24CPU1Mem4GB.sh': 1, '26CPU2Mem4GB.sh': 1, '27CPU2Mem8GB.sh': 1, '28CPU2Mem16GB.sh': 1, '29CPU4Mem8GB.sh': 1, '01noThrottling.sh': 1}"
spring-boot_dot_1,1-1,{'22CPU05Mem2GB.sh': 1},12-1,"{'19CPU010Mem1GB.sh': 1, '20CPU010Mem2GB.sh': 1, '21CPU025Mem2GB.sh': 1, '22CPU05Mem2GB.sh': 1, '23CPU05Mem4GB.sh': 1, '24CPU1Mem4GB.sh': 1, '25CPU1Mem8GB.sh': 1, '26CPU2Mem4GB.sh': 2, '27CPU2Mem8GB.sh': 1, '28CPU2Mem16GB.sh': 1, '29CPU4Mem8GB.sh': 1}",12-1,{'29CPU4Mem8GB.sh': 12},12-1,"{'21CPU025Mem2GB.sh': 1, '22CPU05Mem2GB.sh': 1, '23CPU05Mem4GB.sh': 1, '24CPU1Mem4GB.sh': 1, '25CPU1Mem8GB.sh': 1, '26CPU2Mem4GB.sh': 1, '27CPU2Mem8GB.sh': 1, '28CPU2Mem16GB.sh': 1, '29CPU4Mem8GB.sh': 3, '01noThrottling.sh': 1}"
timely_server_1,1-1,{'26CPU2Mem4GB.sh': 1},12-1,"{'22CPU05Mem2GB.sh': 1, '23CPU05Mem4GB.sh': 1, '24CPU1Mem4GB.sh': 1, '25CPU1Mem8GB.sh': 2, '26CPU2Mem4GB.sh': 2, '27CPU2Mem8GB.sh': 2, '28CPU2Mem16GB.sh': 1, '29CPU4Mem8GB.sh': 1, '01noThrottling.sh': 1}",4-1,"{'29CPU4Mem8GB.sh': 1, '01noThrottling.sh': 3}",8-1,"{'25CPU1Mem8GB.sh': 1, '26CPU2Mem4GB.sh': 1, '27CPU2Mem8GB.sh': 1, '28CPU2Mem16GB.sh': 2, '29CPU4Mem8GB.sh': 2, '01noThrottling.sh': 1}"
wro4j_wro4j-extensions_1,1-1,{'26CPU2Mem4GB.sh': 1},12-1,"{'21CPU025Mem2GB.sh': 1, '22CPU05Mem2GB.sh': 1, '23CPU05Mem4GB.sh': 1, '24CPU1Mem4GB.sh': 1, '25CPU1Mem8GB.sh': 1, '26CPU2Mem4GB.sh': 3, '27CPU2Mem8GB.sh': 1, '28CPU2Mem16GB.sh': 1, '29CPU4Mem8GB.sh': 1, '01noThrottling.sh': 1}",4-1,"{'29CPU4Mem8GB.sh': 3, '01noThrottling.sh': 1}",10-1,"{'23CPU05Mem4GB.sh': 1, '24CPU1Mem4GB.sh': 1, '25CPU1Mem8GB.sh': 1, '26CPU2Mem4GB.sh': 1, '27CPU2Mem8GB.sh': 1, '28CPU2Mem16GB.sh': 1, '29CPU4Mem8GB.sh': 2, '01noThrottling.sh': 2}"
yawp_yawp-testing.yawp-testing-appengine_1,1-1,{'22CPU05Mem2GB.sh': 1},1-1,{'26CPU2Mem4GB.sh': 1},1-1,{'29CPU4Mem8GB.sh': 1},1-1,{'01noThrottling.sh': 1}
zxing_dot_1,1-1,{'24CPU1Mem4GB.sh': 1},12-1,"{'19CPU010Mem1GB.sh': 1, '21CPU025Mem2GB.sh': 1, '22CPU05Mem2GB.sh': 1, '23CPU05Mem4GB.sh': 1, '24CPU1Mem4GB.sh': 3, '25CPU1Mem8GB.sh': 1, '26CPU2Mem4GB.sh': 1, '27CPU2Mem8GB.sh': 1, '28CPU2Mem16GB.sh': 1, '29CPU4Mem8GB.sh': 1}",2-1,"{'29CPU4Mem8GB.sh': 1, '01noThrottling.sh': 1}",10-1,"{'21CPU025Mem2GB.sh': 1, '22CPU05Mem2GB.sh': 1, '23CPU05Mem4GB.sh': 1, '24CPU1Mem4GB.sh': 1, '25CPU1Mem8GB.sh': 1, '26CPU2Mem4GB.sh': 1, '27CPU2Mem8GB.sh': 1, '28CPU2Mem16GB.sh': 1, '29CPU4Mem8GB.sh': 1, '01noThrottling.sh': 1}"
