classname,methodname,r1,r2,r3,r4,r5,r6,r7,r8,r9,r10,r11,r12,r13,r14,r15,r16,r17,r18,r19,r20,r21,r22,r23,r24,r25,r26,r27,r28,r29,r30,complete_rounds
timely.store.cache.TestGorillaStore,testOne,29CPU4Mem8GB.sh,26CPU2Mem4GB.sh,25CPU1Mem8GB.sh,22CPU05Mem2GB.sh,28CPU2Mem16GB.sh,23CPU05Mem4GB.sh,23CPU05Mem4GB.sh,24CPU1Mem4GB.sh,24CPU1Mem4GB.sh,25CPU1Mem8GB.sh,23CPU05Mem4GB.sh,01noThrottling.sh,27CPU2Mem8GB.sh,01noThrottling.sh,26CPU2Mem4GB.sh,01noThrottling.sh,24CPU1Mem4GB.sh,27CPU2Mem8GB.sh,22CPU05Mem2GB.sh,27CPU2Mem8GB.sh,26CPU2Mem4GB.sh,23CPU05Mem4GB.sh,01noThrottling.sh,22CPU05Mem2GB.sh,24CPU1Mem4GB.sh,22CPU05Mem2GB.sh,28CPU2Mem16GB.sh,27CPU2Mem8GB.sh,26CPU2Mem4GB.sh,27CPU2Mem8GB.sh,26CPU2Mem4GB.sh
timely.store.cache.TestGorillaStore,testExtentOfStorage,28CPU2Mem16GB.sh,27CPU2Mem8GB.sh,26CPU2Mem4GB.sh,29CPU4Mem8GB.sh,26CPU2Mem4GB.sh,27CPU2Mem8GB.sh,22CPU05Mem2GB.sh,26CPU2Mem4GB.sh,28CPU2Mem16GB.sh,22CPU05Mem2GB.sh,29CPU4Mem8GB.sh,24CPU1Mem4GB.sh,01noThrottling.sh,26CPU2Mem4GB.sh,26CPU2Mem4GB.sh,26CPU2Mem4GB.sh,23CPU05Mem4GB.sh,26CPU2Mem4GB.sh,29CPU4Mem8GB.sh,28CPU2Mem16GB.sh,27CPU2Mem8GB.sh,27CPU2Mem8GB.sh,28CPU2Mem16GB.sh,26CPU2Mem4GB.sh,27CPU2Mem8GB.sh,01noThrottling.sh,24CPU1Mem4GB.sh,01noThrottling.sh,25CPU1Mem8GB.sh,27CPU2Mem8GB.sh,26CPU2Mem4GB.sh
timely.netty.udp.UdpDecoderTest,testPutNoViz,29CPU4Mem8GB.sh,28CPU2Mem16GB.sh,26CPU2Mem4GB.sh,24CPU1Mem4GB.sh,26CPU2Mem4GB.sh,27CPU2Mem8GB.sh,28CPU2Mem16GB.sh,27CPU2Mem8GB.sh,01noThrottling.sh,01noThrottling.sh,29CPU4Mem8GB.sh,24CPU1Mem4GB.sh,27CPU2Mem8GB.sh,26CPU2Mem4GB.sh,29CPU4Mem8GB.sh,01noThrottling.sh,24CPU1Mem4GB.sh,29CPU4Mem8GB.sh,28CPU2Mem16GB.sh,01noThrottling.sh,26CPU2Mem4GB.sh,27CPU2Mem8GB.sh,26CPU2Mem4GB.sh,28CPU2Mem16GB.sh,27CPU2Mem8GB.sh,29CPU4Mem8GB.sh,01noThrottling.sh,29CPU4Mem8GB.sh,23CPU05Mem4GB.sh,28CPU2Mem16GB.sh,29CPU4Mem8GB.sh
timely.netty.udp.UdpDecoderTest,testUnknownOperation,25CPU1Mem8GB.sh,28CPU2Mem16GB.sh,26CPU2Mem4GB.sh,23CPU05Mem4GB.sh,21CPU025Mem2GB.sh,21CPU025Mem2GB.sh,24CPU1Mem4GB.sh,29CPU4Mem8GB.sh,28CPU2Mem16GB.sh,21CPU025Mem2GB.sh,22CPU05Mem2GB.sh,25CPU1Mem8GB.sh,26CPU2Mem4GB.sh,19CPU010Mem1GB.sh,22CPU05Mem2GB.sh,26CPU2Mem4GB.sh,20CPU010Mem2GB.sh,26CPU2Mem4GB.sh,23CPU05Mem4GB.sh,21CPU025Mem2GB.sh,23CPU05Mem4GB.sh,23CPU05Mem4GB.sh,22CPU05Mem2GB.sh,25CPU1Mem8GB.sh,21CPU025Mem2GB.sh,24CPU1Mem4GB.sh,24CPU1Mem4GB.sh,23CPU05Mem4GB.sh,28CPU2Mem16GB.sh,29CPU4Mem8GB.sh,28CPU2Mem16GB.sh
timely.netty.udp.UdpDecoderTest,testPutWithViz,26CPU2Mem4GB.sh,23CPU05Mem4GB.sh,23CPU05Mem4GB.sh,24CPU1Mem4GB.sh,01noThrottling.sh,27CPU2Mem8GB.sh,28CPU2Mem16GB.sh,20CPU010Mem2GB.sh,28CPU2Mem16GB.sh,28CPU2Mem16GB.sh,28CPU2Mem16GB.sh,23CPU05Mem4GB.sh,27CPU2Mem8GB.sh,22CPU05Mem2GB.sh,21CPU025Mem2GB.sh,27CPU2Mem8GB.sh,26CPU2Mem4GB.sh,28CPU2Mem16GB.sh,01noThrottling.sh,23CPU05Mem4GB.sh,26CPU2Mem4GB.sh,28CPU2Mem16GB.sh,29CPU4Mem8GB.sh,21CPU025Mem2GB.sh,29CPU4Mem8GB.sh,20CPU010Mem2GB.sh,20CPU010Mem2GB.sh,22CPU05Mem2GB.sh,27CPU2Mem8GB.sh,27CPU2Mem8GB.sh,28CPU2Mem16GB.sh
timely.store.cache.TestDataStoreCacheIterator,testRateIterator,29CPU4Mem8GB.sh,01noThrottling.sh,01noThrottling.sh,29CPU4Mem8GB.sh,29CPU4Mem8GB.sh,01noThrottling.sh,01noThrottling.sh,29CPU4Mem8GB.sh,29CPU4Mem8GB.sh,29CPU4Mem8GB.sh,01noThrottling.sh,01noThrottling.sh,01noThrottling.sh,29CPU4Mem8GB.sh,29CPU4Mem8GB.sh,29CPU4Mem8GB.sh,29CPU4Mem8GB.sh,01noThrottling.sh,01noThrottling.sh,29CPU4Mem8GB.sh,01noThrottling.sh,29CPU4Mem8GB.sh,01noThrottling.sh,29CPU4Mem8GB.sh,01noThrottling.sh,29CPU4Mem8GB.sh,01noThrottling.sh,29CPU4Mem8GB.sh,01noThrottling.sh,01noThrottling.sh,29CPU4Mem8GB.sh
timely.store.cache.TestDataStoreCacheIterator,testDownsampleIterator,01noThrottling.sh,01noThrottling.sh,01noThrottling.sh,29CPU4Mem8GB.sh,01noThrottling.sh,01noThrottling.sh,01noThrottling.sh,01noThrottling.sh,01noThrottling.sh,29CPU4Mem8GB.sh,29CPU4Mem8GB.sh,29CPU4Mem8GB.sh,01noThrottling.sh,29CPU4Mem8GB.sh,29CPU4Mem8GB.sh,01noThrottling.sh,29CPU4Mem8GB.sh,01noThrottling.sh,29CPU4Mem8GB.sh,01noThrottling.sh,01noThrottling.sh,01noThrottling.sh,01noThrottling.sh,01noThrottling.sh,29CPU4Mem8GB.sh,29CPU4Mem8GB.sh,29CPU4Mem8GB.sh,29CPU4Mem8GB.sh,01noThrottling.sh,01noThrottling.sh,01noThrottling.sh
timely.api.response.timeseries.SuggestResponseTest,testSuggestResponseEmpty,29CPU4Mem8GB.sh,26CPU2Mem4GB.sh,27CPU2Mem8GB.sh,29CPU4Mem8GB.sh,26CPU2Mem4GB.sh,01noThrottling.sh,01noThrottling.sh,29CPU4Mem8GB.sh,25CPU1Mem8GB.sh,01noThrottling.sh,01noThrottling.sh,01noThrottling.sh,28CPU2Mem16GB.sh,29CPU4Mem8GB.sh,27CPU2Mem8GB.sh,27CPU2Mem8GB.sh,29CPU4Mem8GB.sh,01noThrottling.sh,01noThrottling.sh,26CPU2Mem4GB.sh,26CPU2Mem4GB.sh,29CPU4Mem8GB.sh,01noThrottling.sh,29CPU4Mem8GB.sh,27CPU2Mem8GB.sh,01noThrottling.sh,01noThrottling.sh,29CPU4Mem8GB.sh,28CPU2Mem16GB.sh,01noThrottling.sh,01noThrottling.sh
timely.api.response.timeseries.SuggestResponseTest,testSuggestResponse,19CPU010Mem1GB.sh,21CPU025Mem2GB.sh,20CPU010Mem2GB.sh,22CPU05Mem2GB.sh,24CPU1Mem4GB.sh,22CPU05Mem2GB.sh,28CPU2Mem16GB.sh,21CPU025Mem2GB.sh,27CPU2Mem8GB.sh,21CPU025Mem2GB.sh,23CPU05Mem4GB.sh,26CPU2Mem4GB.sh,25CPU1Mem8GB.sh,20CPU010Mem2GB.sh,23CPU05Mem4GB.sh,19CPU010Mem1GB.sh,19CPU010Mem1GB.sh,24CPU1Mem4GB.sh,19CPU010Mem1GB.sh,20CPU010Mem2GB.sh,21CPU025Mem2GB.sh,22CPU05Mem2GB.sh,26CPU2Mem4GB.sh,26CPU2Mem4GB.sh,29CPU4Mem8GB.sh,27CPU2Mem8GB.sh,20CPU010Mem2GB.sh,29CPU4Mem8GB.sh,24CPU1Mem4GB.sh,23CPU05Mem4GB.sh,01noThrottling.sh
timely.netty.http.login.BasicAuthLoginRequestHandlerTest,testBasicAuthenticationFailure,29CPU4Mem8GB.sh,01noThrottling.sh,01noThrottling.sh,29CPU4Mem8GB.sh,01noThrottling.sh,01noThrottling.sh,29CPU4Mem8GB.sh,01noThrottling.sh,29CPU4Mem8GB.sh,01noThrottling.sh,01noThrottling.sh,01noThrottling.sh,29CPU4Mem8GB.sh,29CPU4Mem8GB.sh,29CPU4Mem8GB.sh,29CPU4Mem8GB.sh,01noThrottling.sh,01noThrottling.sh,01noThrottling.sh,01noThrottling.sh,26CPU2Mem4GB.sh,29CPU4Mem8GB.sh,01noThrottling.sh,29CPU4Mem8GB.sh,01noThrottling.sh,29CPU4Mem8GB.sh,01noThrottling.sh,29CPU4Mem8GB.sh,01noThrottling.sh,01noThrottling.sh,29CPU4Mem8GB.sh
timely.netty.http.login.BasicAuthLoginRequestHandlerTest,testBasicAuthentication,29CPU4Mem8GB.sh,27CPU2Mem8GB.sh,27CPU2Mem8GB.sh,28CPU2Mem16GB.sh,01noThrottling.sh,01noThrottling.sh,28CPU2Mem16GB.sh,01noThrottling.sh,29CPU4Mem8GB.sh,01noThrottling.sh,27CPU2Mem8GB.sh,29CPU4Mem8GB.sh,24CPU1Mem4GB.sh,28CPU2Mem16GB.sh,24CPU1Mem4GB.sh,24CPU1Mem4GB.sh,29CPU4Mem8GB.sh,01noThrottling.sh,29CPU4Mem8GB.sh,01noThrottling.sh,28CPU2Mem16GB.sh,29CPU4Mem8GB.sh,01noThrottling.sh,26CPU2Mem4GB.sh,24CPU1Mem4GB.sh,29CPU4Mem8GB.sh,28CPU2Mem16GB.sh,27CPU2Mem8GB.sh,29CPU4Mem8GB.sh,29CPU4Mem8GB.sh,29CPU4Mem8GB.sh
timely.api.response.timeseries.QueryResponseTest,testEmptyResponse,21CPU025Mem2GB.sh,22CPU05Mem2GB.sh,24CPU1Mem4GB.sh,21CPU025Mem2GB.sh,19CPU010Mem1GB.sh,27CPU2Mem8GB.sh,26CPU2Mem4GB.sh,21CPU025Mem2GB.sh,20CPU010Mem2GB.sh,22CPU05Mem2GB.sh,26CPU2Mem4GB.sh,25CPU1Mem8GB.sh,25CPU1Mem8GB.sh,24CPU1Mem4GB.sh,21CPU025Mem2GB.sh,20CPU010Mem2GB.sh,22CPU05Mem2GB.sh,21CPU025Mem2GB.sh,24CPU1Mem4GB.sh,20CPU010Mem2GB.sh,22CPU05Mem2GB.sh,22CPU05Mem2GB.sh,22CPU05Mem2GB.sh,22CPU05Mem2GB.sh,21CPU025Mem2GB.sh,20CPU010Mem2GB.sh,21CPU025Mem2GB.sh,22CPU05Mem2GB.sh,22CPU05Mem2GB.sh,27CPU2Mem8GB.sh,27CPU2Mem8GB.sh
timely.api.response.timeseries.QueryResponseTest,testOneResponse,24CPU1Mem4GB.sh,27CPU2Mem8GB.sh,24CPU1Mem4GB.sh,26CPU2Mem4GB.sh,27CPU2Mem8GB.sh,22CPU05Mem2GB.sh,29CPU4Mem8GB.sh,27CPU2Mem8GB.sh,22CPU05Mem2GB.sh,26CPU2Mem4GB.sh,26CPU2Mem4GB.sh,25CPU1Mem8GB.sh,28CPU2Mem16GB.sh,27CPU2Mem8GB.sh,28CPU2Mem16GB.sh,27CPU2Mem8GB.sh,21CPU025Mem2GB.sh,26CPU2Mem4GB.sh,28CPU2Mem16GB.sh,28CPU2Mem16GB.sh,27CPU2Mem8GB.sh,27CPU2Mem8GB.sh,28CPU2Mem16GB.sh,26CPU2Mem4GB.sh,23CPU05Mem4GB.sh,26CPU2Mem4GB.sh,23CPU05Mem4GB.sh,26CPU2Mem4GB.sh,28CPU2Mem16GB.sh,29CPU4Mem8GB.sh,27CPU2Mem8GB.sh
timely.sample.DownsampleTest,testCombineTrivial,19CPU010Mem1GB.sh,22CPU05Mem2GB.sh,19CPU010Mem1GB.sh,20CPU010Mem2GB.sh,19CPU010Mem1GB.sh,20CPU010Mem2GB.sh,23CPU05Mem4GB.sh,21CPU025Mem2GB.sh,21CPU025Mem2GB.sh,20CPU010Mem2GB.sh,19CPU010Mem1GB.sh,19CPU010Mem1GB.sh,19CPU010Mem1GB.sh,19CPU010Mem1GB.sh,20CPU010Mem2GB.sh,21CPU025Mem2GB.sh,21CPU025Mem2GB.sh,19CPU010Mem1GB.sh,20CPU010Mem2GB.sh,20CPU010Mem2GB.sh,19CPU010Mem1GB.sh,19CPU010Mem1GB.sh,24CPU1Mem4GB.sh,20CPU010Mem2GB.sh,20CPU010Mem2GB.sh,21CPU025Mem2GB.sh,19CPU010Mem1GB.sh,20CPU010Mem2GB.sh,20CPU010Mem2GB.sh,19CPU010Mem1GB.sh,27CPU2Mem8GB.sh
timely.sample.DownsampleTest,simple,24CPU1Mem4GB.sh,23CPU05Mem4GB.sh,22CPU05Mem2GB.sh,29CPU4Mem8GB.sh,26CPU2Mem4GB.sh,25CPU1Mem8GB.sh,24CPU1Mem4GB.sh,27CPU2Mem8GB.sh,25CPU1Mem8GB.sh,27CPU2Mem8GB.sh,28CPU2Mem16GB.sh,21CPU025Mem2GB.sh,23CPU05Mem4GB.sh,28CPU2Mem16GB.sh,29CPU4Mem8GB.sh,23CPU05Mem4GB.sh,27CPU2Mem8GB.sh,29CPU4Mem8GB.sh,22CPU05Mem2GB.sh,28CPU2Mem16GB.sh,26CPU2Mem4GB.sh,22CPU05Mem2GB.sh,26CPU2Mem4GB.sh,26CPU2Mem4GB.sh,24CPU1Mem4GB.sh,27CPU2Mem8GB.sh,28CPU2Mem16GB.sh,27CPU2Mem8GB.sh,01noThrottling.sh,27CPU2Mem8GB.sh,28CPU2Mem16GB.sh
timely.sample.DownsampleTest,testCombineMissingReport,19CPU010Mem1GB.sh,23CPU05Mem4GB.sh,20CPU010Mem2GB.sh,21CPU025Mem2GB.sh,19CPU010Mem1GB.sh,22CPU05Mem2GB.sh,19CPU010Mem1GB.sh,22CPU05Mem2GB.sh,21CPU025Mem2GB.sh,19CPU010Mem1GB.sh,19CPU010Mem1GB.sh,19CPU010Mem1GB.sh,25CPU1Mem8GB.sh,25CPU1Mem8GB.sh,21CPU025Mem2GB.sh,01noThrottling.sh,20CPU010Mem2GB.sh,21CPU025Mem2GB.sh,19CPU010Mem1GB.sh,19CPU010Mem1GB.sh,22CPU05Mem2GB.sh,20CPU010Mem2GB.sh,19CPU010Mem1GB.sh,20CPU010Mem2GB.sh,20CPU010Mem2GB.sh,21CPU025Mem2GB.sh,21CPU025Mem2GB.sh,21CPU025Mem2GB.sh,19CPU010Mem1GB.sh,20CPU010Mem2GB.sh,26CPU2Mem4GB.sh
timely.sample.DownsampleTest,testDownsampleStartCalculation,21CPU025Mem2GB.sh,27CPU2Mem8GB.sh,19CPU010Mem1GB.sh,25CPU1Mem8GB.sh,24CPU1Mem4GB.sh,27CPU2Mem8GB.sh,29CPU4Mem8GB.sh,24CPU1Mem4GB.sh,23CPU05Mem4GB.sh,23CPU05Mem4GB.sh,22CPU05Mem2GB.sh,21CPU025Mem2GB.sh,25CPU1Mem8GB.sh,23CPU05Mem4GB.sh,27CPU2Mem8GB.sh,23CPU05Mem4GB.sh,28CPU2Mem16GB.sh,24CPU1Mem4GB.sh,20CPU010Mem2GB.sh,23CPU05Mem4GB.sh,21CPU025Mem2GB.sh,21CPU025Mem2GB.sh,20CPU010Mem2GB.sh,20CPU010Mem2GB.sh,29CPU4Mem8GB.sh,01noThrottling.sh,21CPU025Mem2GB.sh,19CPU010Mem1GB.sh,20CPU010Mem2GB.sh,20CPU010Mem2GB.sh,29CPU4Mem8GB.sh
timely.sample.iterators.AggregationIteratorTest,simpleGetOneSample,25CPU1Mem8GB.sh,21CPU025Mem2GB.sh,26CPU2Mem4GB.sh,29CPU4Mem8GB.sh,01noThrottling.sh,26CPU2Mem4GB.sh,26CPU2Mem4GB.sh,26CPU2Mem4GB.sh,26CPU2Mem4GB.sh,24CPU1Mem4GB.sh,20CPU010Mem2GB.sh,24CPU1Mem4GB.sh,28CPU2Mem16GB.sh,28CPU2Mem16GB.sh,26CPU2Mem4GB.sh,23CPU05Mem4GB.sh,25CPU1Mem8GB.sh,29CPU4Mem8GB.sh,27CPU2Mem8GB.sh,29CPU4Mem8GB.sh,23CPU05Mem4GB.sh,25CPU1Mem8GB.sh,28CPU2Mem16GB.sh,23CPU05Mem4GB.sh,27CPU2Mem8GB.sh,01noThrottling.sh,26CPU2Mem4GB.sh,22CPU05Mem2GB.sh,29CPU4Mem8GB.sh,27CPU2Mem8GB.sh,26CPU2Mem4GB.sh
timely.sample.iterators.AggregationIteratorTest,simpleAggregatedSample,25CPU1Mem8GB.sh,23CPU05Mem4GB.sh,21CPU025Mem2GB.sh,21CPU025Mem2GB.sh,26CPU2Mem4GB.sh,22CPU05Mem2GB.sh,24CPU1Mem4GB.sh,24CPU1Mem4GB.sh,21CPU025Mem2GB.sh,27CPU2Mem8GB.sh,28CPU2Mem16GB.sh,23CPU05Mem4GB.sh,26CPU2Mem4GB.sh,23CPU05Mem4GB.sh,23CPU05Mem4GB.sh,21CPU025Mem2GB.sh,26CPU2Mem4GB.sh,22CPU05Mem2GB.sh,23CPU05Mem4GB.sh,27CPU2Mem8GB.sh,23CPU05Mem4GB.sh,28CPU2Mem16GB.sh,21CPU025Mem2GB.sh,21CPU025Mem2GB.sh,20CPU010Mem2GB.sh,28CPU2Mem16GB.sh,23CPU05Mem4GB.sh,19CPU010Mem1GB.sh,29CPU4Mem8GB.sh,28CPU2Mem16GB.sh,26CPU2Mem4GB.sh
timely.auth.AuthenticationServiceTest,testBasicAuthenticationFailure,21CPU025Mem2GB.sh,26CPU2Mem4GB.sh,27CPU2Mem8GB.sh,24CPU1Mem4GB.sh,21CPU025Mem2GB.sh,24CPU1Mem4GB.sh,26CPU2Mem4GB.sh,24CPU1Mem4GB.sh,28CPU2Mem16GB.sh,28CPU2Mem16GB.sh,28CPU2Mem16GB.sh,01noThrottling.sh,25CPU1Mem8GB.sh,29CPU4Mem8GB.sh,26CPU2Mem4GB.sh,20CPU010Mem2GB.sh,28CPU2Mem16GB.sh,26CPU2Mem4GB.sh,27CPU2Mem8GB.sh,27CPU2Mem8GB.sh,24CPU1Mem4GB.sh,22CPU05Mem2GB.sh,26CPU2Mem4GB.sh,25CPU1Mem8GB.sh,26CPU2Mem4GB.sh,26CPU2Mem4GB.sh,28CPU2Mem16GB.sh,27CPU2Mem8GB.sh,25CPU1Mem8GB.sh,22CPU05Mem2GB.sh,26CPU2Mem4GB.sh
timely.auth.AuthenticationServiceTest,testX509AuthenticationLogin,27CPU2Mem8GB.sh,26CPU2Mem4GB.sh,01noThrottling.sh,27CPU2Mem8GB.sh,27CPU2Mem8GB.sh,01noThrottling.sh,27CPU2Mem8GB.sh,26CPU2Mem4GB.sh,26CPU2Mem4GB.sh,29CPU4Mem8GB.sh,28CPU2Mem16GB.sh,27CPU2Mem8GB.sh,26CPU2Mem4GB.sh,29CPU4Mem8GB.sh,27CPU2Mem8GB.sh,27CPU2Mem8GB.sh,28CPU2Mem16GB.sh,26CPU2Mem4GB.sh,28CPU2Mem16GB.sh,27CPU2Mem8GB.sh,27CPU2Mem8GB.sh,28CPU2Mem16GB.sh,26CPU2Mem4GB.sh,28CPU2Mem16GB.sh,27CPU2Mem8GB.sh,27CPU2Mem8GB.sh,01noThrottling.sh,27CPU2Mem8GB.sh,27CPU2Mem8GB.sh,24CPU1Mem4GB.sh,27CPU2Mem8GB.sh
timely.auth.AuthenticationServiceTest,testBasicAuthenticationLogin,25CPU1Mem8GB.sh,26CPU2Mem4GB.sh,22CPU05Mem2GB.sh,26CPU2Mem4GB.sh,28CPU2Mem16GB.sh,20CPU010Mem2GB.sh,28CPU2Mem16GB.sh,19CPU010Mem1GB.sh,27CPU2Mem8GB.sh,22CPU05Mem2GB.sh,28CPU2Mem16GB.sh,24CPU1Mem4GB.sh,22CPU05Mem2GB.sh,28CPU2Mem16GB.sh,27CPU2Mem8GB.sh,19CPU010Mem1GB.sh,28CPU2Mem16GB.sh,22CPU05Mem2GB.sh,24CPU1Mem4GB.sh,26CPU2Mem4GB.sh,19CPU010Mem1GB.sh,19CPU010Mem1GB.sh,24CPU1Mem4GB.sh,28CPU2Mem16GB.sh,19CPU010Mem1GB.sh,27CPU2Mem8GB.sh,25CPU1Mem8GB.sh,20CPU010Mem2GB.sh,28CPU2Mem16GB.sh,20CPU010Mem2GB.sh,27CPU2Mem8GB.sh
timely.auth.AuthenticationServiceTest,testX509AuthenticationLoginFailed,29CPU4Mem8GB.sh,26CPU2Mem4GB.sh,19CPU010Mem1GB.sh,20CPU010Mem2GB.sh,26CPU2Mem4GB.sh,24CPU1Mem4GB.sh,24CPU1Mem4GB.sh,27CPU2Mem8GB.sh,24CPU1Mem4GB.sh,25CPU1Mem8GB.sh,01noThrottling.sh,21CPU025Mem2GB.sh,26CPU2Mem4GB.sh,22CPU05Mem2GB.sh,24CPU1Mem4GB.sh,26CPU2Mem4GB.sh,25CPU1Mem8GB.sh,26CPU2Mem4GB.sh,28CPU2Mem16GB.sh,27CPU2Mem8GB.sh,26CPU2Mem4GB.sh,27CPU2Mem8GB.sh,28CPU2Mem16GB.sh,25CPU1Mem8GB.sh,19CPU010Mem1GB.sh,19CPU010Mem1GB.sh,26CPU2Mem4GB.sh,24CPU1Mem4GB.sh,24CPU1Mem4GB.sh,20CPU010Mem2GB.sh,28CPU2Mem16GB.sh
timely.api.request.subscription.WebSocketRequestDeserializationTest,testCloseDeserialization,22CPU05Mem2GB.sh,20CPU010Mem2GB.sh,20CPU010Mem2GB.sh,19CPU010Mem1GB.sh,25CPU1Mem8GB.sh,28CPU2Mem16GB.sh,19CPU010Mem1GB.sh,19CPU010Mem1GB.sh,21CPU025Mem2GB.sh,20CPU010Mem2GB.sh,22CPU05Mem2GB.sh,23CPU05Mem4GB.sh,24CPU1Mem4GB.sh,19CPU010Mem1GB.sh,19CPU010Mem1GB.sh,19CPU010Mem1GB.sh,20CPU010Mem2GB.sh,26CPU2Mem4GB.sh,23CPU05Mem4GB.sh,19CPU010Mem1GB.sh,21CPU025Mem2GB.sh,19CPU010Mem1GB.sh,19CPU010Mem1GB.sh,23CPU05Mem4GB.sh,19CPU010Mem1GB.sh,19CPU010Mem1GB.sh,20CPU010Mem2GB.sh,21CPU025Mem2GB.sh,23CPU05Mem4GB.sh,25CPU1Mem8GB.sh,26CPU2Mem4GB.sh
timely.api.request.subscription.WebSocketRequestDeserializationTest,testAddDeserializationWithStartAndDelayTimeAndTags,22CPU05Mem2GB.sh,24CPU1Mem4GB.sh,24CPU1Mem4GB.sh,25CPU1Mem8GB.sh,25CPU1Mem8GB.sh,23CPU05Mem4GB.sh,24CPU1Mem4GB.sh,19CPU010Mem1GB.sh,25CPU1Mem8GB.sh,20CPU010Mem2GB.sh,24CPU1Mem4GB.sh,19CPU010Mem1GB.sh,21CPU025Mem2GB.sh,26CPU2Mem4GB.sh,28CPU2Mem16GB.sh,27CPU2Mem8GB.sh,27CPU2Mem8GB.sh,24CPU1Mem4GB.sh,24CPU1Mem4GB.sh,24CPU1Mem4GB.sh,23CPU05Mem4GB.sh,26CPU2Mem4GB.sh,21CPU025Mem2GB.sh,25CPU1Mem8GB.sh,21CPU025Mem2GB.sh,21CPU025Mem2GB.sh,21CPU025Mem2GB.sh,23CPU05Mem4GB.sh,28CPU2Mem16GB.sh,25CPU1Mem8GB.sh,27CPU2Mem8GB.sh
timely.api.request.subscription.WebSocketRequestDeserializationTest,testAddDeserialization,24CPU1Mem4GB.sh,21CPU025Mem2GB.sh,24CPU1Mem4GB.sh,21CPU025Mem2GB.sh,19CPU010Mem1GB.sh,23CPU05Mem4GB.sh,19CPU010Mem1GB.sh,19CPU010Mem1GB.sh,20CPU010Mem2GB.sh,24CPU1Mem4GB.sh,21CPU025Mem2GB.sh,19CPU010Mem1GB.sh,20CPU010Mem2GB.sh,19CPU010Mem1GB.sh,20CPU010Mem2GB.sh,20CPU010Mem2GB.sh,19CPU010Mem1GB.sh,23CPU05Mem4GB.sh,19CPU010Mem1GB.sh,19CPU010Mem1GB.sh,19CPU010Mem1GB.sh,20CPU010Mem2GB.sh,19CPU010Mem1GB.sh,24CPU1Mem4GB.sh,19CPU010Mem1GB.sh,22CPU05Mem2GB.sh,19CPU010Mem1GB.sh,23CPU05Mem4GB.sh,20CPU010Mem2GB.sh,19CPU010Mem1GB.sh,26CPU2Mem4GB.sh
timely.api.request.subscription.WebSocketRequestDeserializationTest,testAddDeserializationWithTime,22CPU05Mem2GB.sh,19CPU010Mem1GB.sh,22CPU05Mem2GB.sh,22CPU05Mem2GB.sh,19CPU010Mem1GB.sh,20CPU010Mem2GB.sh,20CPU010Mem2GB.sh,19CPU010Mem1GB.sh,21CPU025Mem2GB.sh,20CPU010Mem2GB.sh,20CPU010Mem2GB.sh,23CPU05Mem4GB.sh,19CPU010Mem1GB.sh,20CPU010Mem2GB.sh,20CPU010Mem2GB.sh,22CPU05Mem2GB.sh,22CPU05Mem2GB.sh,27CPU2Mem8GB.sh,25CPU1Mem8GB.sh,22CPU05Mem2GB.sh,26CPU2Mem4GB.sh,19CPU010Mem1GB.sh,19CPU010Mem1GB.sh,19CPU010Mem1GB.sh,21CPU025Mem2GB.sh,19CPU010Mem1GB.sh,19CPU010Mem1GB.sh,20CPU010Mem2GB.sh,22CPU05Mem2GB.sh,22CPU05Mem2GB.sh,28CPU2Mem16GB.sh
timely.api.request.subscription.WebSocketRequestDeserializationTest,testRemoveDeserialization,19CPU010Mem1GB.sh,23CPU05Mem4GB.sh,20CPU010Mem2GB.sh,20CPU010Mem2GB.sh,19CPU010Mem1GB.sh,21CPU025Mem2GB.sh,20CPU010Mem2GB.sh,19CPU010Mem1GB.sh,20CPU010Mem2GB.sh,19CPU010Mem1GB.sh,21CPU025Mem2GB.sh,19CPU010Mem1GB.sh,19CPU010Mem1GB.sh,20CPU010Mem2GB.sh,23CPU05Mem4GB.sh,19CPU010Mem1GB.sh,22CPU05Mem2GB.sh,25CPU1Mem8GB.sh,20CPU010Mem2GB.sh,19CPU010Mem1GB.sh,27CPU2Mem8GB.sh,19CPU010Mem1GB.sh,28CPU2Mem16GB.sh,21CPU025Mem2GB.sh,22CPU05Mem2GB.sh,20CPU010Mem2GB.sh,22CPU05Mem2GB.sh,20CPU010Mem2GB.sh,19CPU010Mem1GB.sh,20CPU010Mem2GB.sh,28CPU2Mem16GB.sh
timely.api.request.subscription.WebSocketRequestDeserializationTest,testCreateDeserialization,21CPU025Mem2GB.sh,24CPU1Mem4GB.sh,20CPU010Mem2GB.sh,19CPU010Mem1GB.sh,20CPU010Mem2GB.sh,23CPU05Mem4GB.sh,22CPU05Mem2GB.sh,19CPU010Mem1GB.sh,19CPU010Mem1GB.sh,19CPU010Mem1GB.sh,21CPU025Mem2GB.sh,19CPU010Mem1GB.sh,22CPU05Mem2GB.sh,19CPU010Mem1GB.sh,22CPU05Mem2GB.sh,23CPU05Mem4GB.sh,19CPU010Mem1GB.sh,20CPU010Mem2GB.sh,19CPU010Mem1GB.sh,19CPU010Mem1GB.sh,19CPU010Mem1GB.sh,24CPU1Mem4GB.sh,21CPU025Mem2GB.sh,20CPU010Mem2GB.sh,20CPU010Mem2GB.sh,20CPU010Mem2GB.sh,19CPU010Mem1GB.sh,21CPU025Mem2GB.sh,20CPU010Mem2GB.sh,23CPU05Mem4GB.sh,26CPU2Mem4GB.sh
timely.api.request.subscription.WebSocketRequestDeserializationTest,testAddDeserializationWithTimeAndTags,19CPU010Mem1GB.sh,22CPU05Mem2GB.sh,21CPU025Mem2GB.sh,21CPU025Mem2GB.sh,22CPU05Mem2GB.sh,20CPU010Mem2GB.sh,22CPU05Mem2GB.sh,27CPU2Mem8GB.sh,20CPU010Mem2GB.sh,19CPU010Mem1GB.sh,21CPU025Mem2GB.sh,20CPU010Mem2GB.sh,20CPU010Mem2GB.sh,20CPU010Mem2GB.sh,19CPU010Mem1GB.sh,19CPU010Mem1GB.sh,22CPU05Mem2GB.sh,21CPU025Mem2GB.sh,24CPU1Mem4GB.sh,23CPU05Mem4GB.sh,23CPU05Mem4GB.sh,19CPU010Mem1GB.sh,21CPU025Mem2GB.sh,19CPU010Mem1GB.sh,24CPU1Mem4GB.sh,19CPU010Mem1GB.sh,27CPU2Mem8GB.sh,20CPU010Mem2GB.sh,20CPU010Mem2GB.sh,20CPU010Mem2GB.sh,25CPU1Mem8GB.sh
timely.netty.websocket.WebSocketRequestDecoderTest,testAddSubscription,29CPU4Mem8GB.sh,01noThrottling.sh,01noThrottling.sh,29CPU4Mem8GB.sh,29CPU4Mem8GB.sh,01noThrottling.sh,01noThrottling.sh,01noThrottling.sh,29CPU4Mem8GB.sh,01noThrottling.sh,01noThrottling.sh,01noThrottling.sh,01noThrottling.sh,29CPU4Mem8GB.sh,29CPU4Mem8GB.sh,01noThrottling.sh,29CPU4Mem8GB.sh,01noThrottling.sh,29CPU4Mem8GB.sh,29CPU4Mem8GB.sh,26CPU2Mem4GB.sh,29CPU4Mem8GB.sh,01noThrottling.sh,29CPU4Mem8GB.sh,01noThrottling.sh,29CPU4Mem8GB.sh,29CPU4Mem8GB.sh,29CPU4Mem8GB.sh,01noThrottling.sh,01noThrottling.sh,29CPU4Mem8GB.sh
timely.netty.websocket.WebSocketRequestDecoderTest,testCreateSubscriptionWithValidSessionIdAndNonAnonymousAccess,26CPU2Mem4GB.sh,26CPU2Mem4GB.sh,27CPU2Mem8GB.sh,27CPU2Mem8GB.sh,24CPU1Mem4GB.sh,28CPU2Mem16GB.sh,27CPU2Mem8GB.sh,26CPU2Mem4GB.sh,28CPU2Mem16GB.sh,29CPU4Mem8GB.sh,29CPU4Mem8GB.sh,29CPU4Mem8GB.sh,27CPU2Mem8GB.sh,23CPU05Mem4GB.sh,01noThrottling.sh,25CPU1Mem8GB.sh,26CPU2Mem4GB.sh,25CPU1Mem8GB.sh,29CPU4Mem8GB.sh,27CPU2Mem8GB.sh,26CPU2Mem4GB.sh,25CPU1Mem8GB.sh,26CPU2Mem4GB.sh,29CPU4Mem8GB.sh,26CPU2Mem4GB.sh,27CPU2Mem8GB.sh,25CPU1Mem8GB.sh,25CPU1Mem8GB.sh,24CPU1Mem4GB.sh,26CPU2Mem4GB.sh,01noThrottling.sh
timely.netty.websocket.WebSocketRequestDecoderTest,testQuery,29CPU4Mem8GB.sh,27CPU2Mem8GB.sh,27CPU2Mem8GB.sh,29CPU4Mem8GB.sh,27CPU2Mem8GB.sh,26CPU2Mem4GB.sh,29CPU4Mem8GB.sh,26CPU2Mem4GB.sh,01noThrottling.sh,28CPU2Mem16GB.sh,28CPU2Mem16GB.sh,29CPU4Mem8GB.sh,26CPU2Mem4GB.sh,01noThrottling.sh,01noThrottling.sh,26CPU2Mem4GB.sh,01noThrottling.sh,29CPU4Mem8GB.sh,26CPU2Mem4GB.sh,01noThrottling.sh,26CPU2Mem4GB.sh,29CPU4Mem8GB.sh,01noThrottling.sh,29CPU4Mem8GB.sh,01noThrottling.sh,01noThrottling.sh,01noThrottling.sh,01noThrottling.sh,29CPU4Mem8GB.sh,01noThrottling.sh,29CPU4Mem8GB.sh
timely.netty.websocket.WebSocketRequestDecoderTest,testCreateSubscriptionWithMissingSessionId,29CPU4Mem8GB.sh,27CPU2Mem8GB.sh,27CPU2Mem8GB.sh,29CPU4Mem8GB.sh,26CPU2Mem4GB.sh,26CPU2Mem4GB.sh,24CPU1Mem4GB.sh,01noThrottling.sh,01noThrottling.sh,26CPU2Mem4GB.sh,26CPU2Mem4GB.sh,26CPU2Mem4GB.sh,29CPU4Mem8GB.sh,25CPU1Mem8GB.sh,26CPU2Mem4GB.sh,01noThrottling.sh,27CPU2Mem8GB.sh,24CPU1Mem4GB.sh,24CPU1Mem4GB.sh,26CPU2Mem4GB.sh,26CPU2Mem4GB.sh,29CPU4Mem8GB.sh,26CPU2Mem4GB.sh,25CPU1Mem8GB.sh,23CPU05Mem4GB.sh,26CPU2Mem4GB.sh,28CPU2Mem16GB.sh,27CPU2Mem8GB.sh,29CPU4Mem8GB.sh,27CPU2Mem8GB.sh,29CPU4Mem8GB.sh
timely.netty.websocket.WebSocketRequestDecoderTest,testVersion,29CPU4Mem8GB.sh,27CPU2Mem8GB.sh,01noThrottling.sh,26CPU2Mem4GB.sh,27CPU2Mem8GB.sh,28CPU2Mem16GB.sh,28CPU2Mem16GB.sh,27CPU2Mem8GB.sh,27CPU2Mem8GB.sh,01noThrottling.sh,22CPU05Mem2GB.sh,22CPU05Mem2GB.sh,22CPU05Mem2GB.sh,28CPU2Mem16GB.sh,01noThrottling.sh,28CPU2Mem16GB.sh,26CPU2Mem4GB.sh,23CPU05Mem4GB.sh,24CPU1Mem4GB.sh,22CPU05Mem2GB.sh,25CPU1Mem8GB.sh,29CPU4Mem8GB.sh,22CPU05Mem2GB.sh,25CPU1Mem8GB.sh,28CPU2Mem16GB.sh,01noThrottling.sh,25CPU1Mem8GB.sh,26CPU2Mem4GB.sh,23CPU05Mem4GB.sh,24CPU1Mem4GB.sh,28CPU2Mem16GB.sh
timely.netty.websocket.WebSocketRequestDecoderTest,testPutMetric,29CPU4Mem8GB.sh,27CPU2Mem8GB.sh,29CPU4Mem8GB.sh,28CPU2Mem16GB.sh,26CPU2Mem4GB.sh,29CPU4Mem8GB.sh,01noThrottling.sh,29CPU4Mem8GB.sh,29CPU4Mem8GB.sh,01noThrottling.sh,01noThrottling.sh,01noThrottling.sh,28CPU2Mem16GB.sh,29CPU4Mem8GB.sh,01noThrottling.sh,29CPU4Mem8GB.sh,29CPU4Mem8GB.sh,01noThrottling.sh,29CPU4Mem8GB.sh,01noThrottling.sh,26CPU2Mem4GB.sh,29CPU4Mem8GB.sh,01noThrottling.sh,29CPU4Mem8GB.sh,01noThrottling.sh,29CPU4Mem8GB.sh,27CPU2Mem8GB.sh,29CPU4Mem8GB.sh,29CPU4Mem8GB.sh,01noThrottling.sh,29CPU4Mem8GB.sh
timely.netty.websocket.WebSocketRequestDecoderTest,testCreateSubscriptionWithInvalidSessionIdAndNonAnonymousAccess,26CPU2Mem4GB.sh,23CPU05Mem4GB.sh,24CPU1Mem4GB.sh,24CPU1Mem4GB.sh,24CPU1Mem4GB.sh,25CPU1Mem8GB.sh,25CPU1Mem8GB.sh,24CPU1Mem4GB.sh,27CPU2Mem8GB.sh,27CPU2Mem8GB.sh,21CPU025Mem2GB.sh,01noThrottling.sh,29CPU4Mem8GB.sh,25CPU1Mem8GB.sh,26CPU2Mem4GB.sh,22CPU05Mem2GB.sh,27CPU2Mem8GB.sh,25CPU1Mem8GB.sh,26CPU2Mem4GB.sh,21CPU025Mem2GB.sh,24CPU1Mem4GB.sh,24CPU1Mem4GB.sh,28CPU2Mem16GB.sh,26CPU2Mem4GB.sh,22CPU05Mem2GB.sh,26CPU2Mem4GB.sh,28CPU2Mem16GB.sh,23CPU05Mem4GB.sh,28CPU2Mem16GB.sh,23CPU05Mem4GB.sh,26CPU2Mem4GB.sh
timely.netty.websocket.WebSocketRequestDecoderTest,testMetrics,24CPU1Mem4GB.sh,27CPU2Mem8GB.sh,25CPU1Mem8GB.sh,26CPU2Mem4GB.sh,24CPU1Mem4GB.sh,25CPU1Mem8GB.sh,01noThrottling.sh,22CPU05Mem2GB.sh,25CPU1Mem8GB.sh,25CPU1Mem8GB.sh,27CPU2Mem8GB.sh,24CPU1Mem4GB.sh,23CPU05Mem4GB.sh,28CPU2Mem16GB.sh,23CPU05Mem4GB.sh,24CPU1Mem4GB.sh,22CPU05Mem2GB.sh,28CPU2Mem16GB.sh,23CPU05Mem4GB.sh,28CPU2Mem16GB.sh,23CPU05Mem4GB.sh,24CPU1Mem4GB.sh,01noThrottling.sh,25CPU1Mem8GB.sh,29CPU4Mem8GB.sh,26CPU2Mem4GB.sh,27CPU2Mem8GB.sh,21CPU025Mem2GB.sh,28CPU2Mem16GB.sh,22CPU05Mem2GB.sh,01noThrottling.sh
timely.netty.websocket.WebSocketRequestDecoderTest,testCreateSubscription,24CPU1Mem4GB.sh,21CPU025Mem2GB.sh,22CPU05Mem2GB.sh,23CPU05Mem4GB.sh,28CPU2Mem16GB.sh,23CPU05Mem4GB.sh,01noThrottling.sh,23CPU05Mem4GB.sh,25CPU1Mem8GB.sh,28CPU2Mem16GB.sh,22CPU05Mem2GB.sh,22CPU05Mem2GB.sh,27CPU2Mem8GB.sh,27CPU2Mem8GB.sh,26CPU2Mem4GB.sh,28CPU2Mem16GB.sh,26CPU2Mem4GB.sh,29CPU4Mem8GB.sh,23CPU05Mem4GB.sh,22CPU05Mem2GB.sh,26CPU2Mem4GB.sh,01noThrottling.sh,21CPU025Mem2GB.sh,23CPU05Mem4GB.sh,01noThrottling.sh,24CPU1Mem4GB.sh,24CPU1Mem4GB.sh,23CPU05Mem4GB.sh,23CPU05Mem4GB.sh,21CPU025Mem2GB.sh,29CPU4Mem8GB.sh
timely.netty.websocket.WebSocketRequestDecoderTest,testCreateSubscriptionWithoutSubscriptionId,25CPU1Mem8GB.sh,23CPU05Mem4GB.sh,28CPU2Mem16GB.sh,27CPU2Mem8GB.sh,01noThrottling.sh,25CPU1Mem8GB.sh,23CPU05Mem4GB.sh,27CPU2Mem8GB.sh,27CPU2Mem8GB.sh,26CPU2Mem4GB.sh,24CPU1Mem4GB.sh,24CPU1Mem4GB.sh,23CPU05Mem4GB.sh,22CPU05Mem2GB.sh,22CPU05Mem2GB.sh,25CPU1Mem8GB.sh,24CPU1Mem4GB.sh,22CPU05Mem2GB.sh,23CPU05Mem4GB.sh,29CPU4Mem8GB.sh,21CPU025Mem2GB.sh,27CPU2Mem8GB.sh,22CPU05Mem2GB.sh,24CPU1Mem4GB.sh,23CPU05Mem4GB.sh,23CPU05Mem4GB.sh,29CPU4Mem8GB.sh,24CPU1Mem4GB.sh,23CPU05Mem4GB.sh,22CPU05Mem2GB.sh,27CPU2Mem8GB.sh
timely.netty.websocket.WebSocketRequestDecoderTest,testRemoveSubscription,25CPU1Mem8GB.sh,23CPU05Mem4GB.sh,28CPU2Mem16GB.sh,26CPU2Mem4GB.sh,22CPU05Mem2GB.sh,25CPU1Mem8GB.sh,28CPU2Mem16GB.sh,22CPU05Mem2GB.sh,26CPU2Mem4GB.sh,28CPU2Mem16GB.sh,26CPU2Mem4GB.sh,25CPU1Mem8GB.sh,27CPU2Mem8GB.sh,23CPU05Mem4GB.sh,24CPU1Mem4GB.sh,26CPU2Mem4GB.sh,24CPU1Mem4GB.sh,24CPU1Mem4GB.sh,28CPU2Mem16GB.sh,27CPU2Mem8GB.sh,26CPU2Mem4GB.sh,24CPU1Mem4GB.sh,26CPU2Mem4GB.sh,26CPU2Mem4GB.sh,22CPU05Mem2GB.sh,23CPU05Mem4GB.sh,27CPU2Mem8GB.sh,24CPU1Mem4GB.sh,01noThrottling.sh,20CPU010Mem2GB.sh,26CPU2Mem4GB.sh
timely.netty.websocket.WebSocketRequestDecoderTest,testLookup,25CPU1Mem8GB.sh,23CPU05Mem4GB.sh,28CPU2Mem16GB.sh,26CPU2Mem4GB.sh,27CPU2Mem8GB.sh,27CPU2Mem8GB.sh,28CPU2Mem16GB.sh,24CPU1Mem4GB.sh,22CPU05Mem2GB.sh,24CPU1Mem4GB.sh,28CPU2Mem16GB.sh,28CPU2Mem16GB.sh,26CPU2Mem4GB.sh,27CPU2Mem8GB.sh,28CPU2Mem16GB.sh,26CPU2Mem4GB.sh,26CPU2Mem4GB.sh,28CPU2Mem16GB.sh,25CPU1Mem8GB.sh,24CPU1Mem4GB.sh,24CPU1Mem4GB.sh,01noThrottling.sh,26CPU2Mem4GB.sh,21CPU025Mem2GB.sh,27CPU2Mem8GB.sh,27CPU2Mem8GB.sh,28CPU2Mem16GB.sh,22CPU05Mem2GB.sh,01noThrottling.sh,25CPU1Mem8GB.sh,27CPU2Mem8GB.sh
timely.netty.websocket.WebSocketRequestDecoderTest,testAggregrators,24CPU1Mem4GB.sh,25CPU1Mem8GB.sh,28CPU2Mem16GB.sh,26CPU2Mem4GB.sh,25CPU1Mem8GB.sh,27CPU2Mem8GB.sh,28CPU2Mem16GB.sh,28CPU2Mem16GB.sh,28CPU2Mem16GB.sh,24CPU1Mem4GB.sh,27CPU2Mem8GB.sh,25CPU1Mem8GB.sh,27CPU2Mem8GB.sh,22CPU05Mem2GB.sh,26CPU2Mem4GB.sh,22CPU05Mem2GB.sh,26CPU2Mem4GB.sh,23CPU05Mem4GB.sh,23CPU05Mem4GB.sh,28CPU2Mem16GB.sh,23CPU05Mem4GB.sh,24CPU1Mem4GB.sh,21CPU025Mem2GB.sh,21CPU025Mem2GB.sh,24CPU1Mem4GB.sh,25CPU1Mem8GB.sh,26CPU2Mem4GB.sh,23CPU05Mem4GB.sh,28CPU2Mem16GB.sh,28CPU2Mem16GB.sh,28CPU2Mem16GB.sh
timely.netty.websocket.WebSocketRequestDecoderTest,testCloseSubscription,25CPU1Mem8GB.sh,28CPU2Mem16GB.sh,26CPU2Mem4GB.sh,27CPU2Mem8GB.sh,26CPU2Mem4GB.sh,28CPU2Mem16GB.sh,26CPU2Mem4GB.sh,28CPU2Mem16GB.sh,01noThrottling.sh,27CPU2Mem8GB.sh,22CPU05Mem2GB.sh,28CPU2Mem16GB.sh,27CPU2Mem8GB.sh,23CPU05Mem4GB.sh,28CPU2Mem16GB.sh,22CPU05Mem2GB.sh,24CPU1Mem4GB.sh,27CPU2Mem8GB.sh,25CPU1Mem8GB.sh,24CPU1Mem4GB.sh,24CPU1Mem4GB.sh,26CPU2Mem4GB.sh,26CPU2Mem4GB.sh,25CPU1Mem8GB.sh,24CPU1Mem4GB.sh,25CPU1Mem8GB.sh,24CPU1Mem4GB.sh,26CPU2Mem4GB.sh,25CPU1Mem8GB.sh,25CPU1Mem8GB.sh,28CPU2Mem16GB.sh
timely.netty.websocket.WebSocketRequestDecoderTest,testSuggest,27CPU2Mem8GB.sh,28CPU2Mem16GB.sh,24CPU1Mem4GB.sh,01noThrottling.sh,26CPU2Mem4GB.sh,23CPU05Mem4GB.sh,27CPU2Mem8GB.sh,27CPU2Mem8GB.sh,27CPU2Mem8GB.sh,25CPU1Mem8GB.sh,25CPU1Mem8GB.sh,01noThrottling.sh,28CPU2Mem16GB.sh,25CPU1Mem8GB.sh,24CPU1Mem4GB.sh,25CPU1Mem8GB.sh,25CPU1Mem8GB.sh,28CPU2Mem16GB.sh,01noThrottling.sh,01noThrottling.sh,26CPU2Mem4GB.sh,26CPU2Mem4GB.sh,29CPU4Mem8GB.sh,26CPU2Mem4GB.sh,29CPU4Mem8GB.sh,23CPU05Mem4GB.sh,29CPU4Mem8GB.sh,27CPU2Mem8GB.sh,27CPU2Mem8GB.sh,28CPU2Mem16GB.sh,01noThrottling.sh
timely.api.response.timeseries.SearchLookupResponseTest,testResponse1,29CPU4Mem8GB.sh,25CPU1Mem8GB.sh,28CPU2Mem16GB.sh,28CPU2Mem16GB.sh,26CPU2Mem4GB.sh,28CPU2Mem16GB.sh,01noThrottling.sh,26CPU2Mem4GB.sh,26CPU2Mem4GB.sh,28CPU2Mem16GB.sh,26CPU2Mem4GB.sh,28CPU2Mem16GB.sh,28CPU2Mem16GB.sh,28CPU2Mem16GB.sh,28CPU2Mem16GB.sh,27CPU2Mem8GB.sh,26CPU2Mem4GB.sh,27CPU2Mem8GB.sh,28CPU2Mem16GB.sh,27CPU2Mem8GB.sh,29CPU4Mem8GB.sh,29CPU4Mem8GB.sh,01noThrottling.sh,25CPU1Mem8GB.sh,27CPU2Mem8GB.sh,27CPU2Mem8GB.sh,01noThrottling.sh,27CPU2Mem8GB.sh,29CPU4Mem8GB.sh,29CPU4Mem8GB.sh,01noThrottling.sh
timely.store.cache.TestMemoryDataStore,testOne,29CPU4Mem8GB.sh,29CPU4Mem8GB.sh,01noThrottling.sh,29CPU4Mem8GB.sh,29CPU4Mem8GB.sh,29CPU4Mem8GB.sh,28CPU2Mem16GB.sh,26CPU2Mem4GB.sh,26CPU2Mem4GB.sh,01noThrottling.sh,01noThrottling.sh,01noThrottling.sh,01noThrottling.sh,29CPU4Mem8GB.sh,29CPU4Mem8GB.sh,28CPU2Mem16GB.sh,01noThrottling.sh,29CPU4Mem8GB.sh,29CPU4Mem8GB.sh,29CPU4Mem8GB.sh,26CPU2Mem4GB.sh,29CPU4Mem8GB.sh,29CPU4Mem8GB.sh,29CPU4Mem8GB.sh,26CPU2Mem4GB.sh,01noThrottling.sh,01noThrottling.sh,01noThrottling.sh,29CPU4Mem8GB.sh,27CPU2Mem8GB.sh,29CPU4Mem8GB.sh
timely.store.cache.TestMemoryDataStore,TestExtentOfStorage,29CPU4Mem8GB.sh,01noThrottling.sh,01noThrottling.sh,29CPU4Mem8GB.sh,29CPU4Mem8GB.sh,29CPU4Mem8GB.sh,29CPU4Mem8GB.sh,01noThrottling.sh,29CPU4Mem8GB.sh,01noThrottling.sh,29CPU4Mem8GB.sh,01noThrottling.sh,29CPU4Mem8GB.sh,29CPU4Mem8GB.sh,01noThrottling.sh,29CPU4Mem8GB.sh,29CPU4Mem8GB.sh,01noThrottling.sh,29CPU4Mem8GB.sh,29CPU4Mem8GB.sh,29CPU4Mem8GB.sh,29CPU4Mem8GB.sh,01noThrottling.sh,29CPU4Mem8GB.sh,29CPU4Mem8GB.sh,29CPU4Mem8GB.sh,29CPU4Mem8GB.sh,01noThrottling.sh,29CPU4Mem8GB.sh,01noThrottling.sh,29CPU4Mem8GB.sh
timely.store.cache.TestMemoryDataStore,testStorage,29CPU4Mem8GB.sh,01noThrottling.sh,01noThrottling.sh,29CPU4Mem8GB.sh,01noThrottling.sh,01noThrottling.sh,01noThrottling.sh,01noThrottling.sh,01noThrottling.sh,01noThrottling.sh,01noThrottling.sh,01noThrottling.sh,01noThrottling.sh,29CPU4Mem8GB.sh,01noThrottling.sh,01noThrottling.sh,01noThrottling.sh,01noThrottling.sh,01noThrottling.sh,01noThrottling.sh,01noThrottling.sh,01noThrottling.sh,01noThrottling.sh,29CPU4Mem8GB.sh,28CPU2Mem16GB.sh,01noThrottling.sh,01noThrottling.sh,01noThrottling.sh,01noThrottling.sh,01noThrottling.sh,01noThrottling.sh
timely.store.MetricAgeOffFilterTest,testMixed,29CPU4Mem8GB.sh,25CPU1Mem8GB.sh,01noThrottling.sh,28CPU2Mem16GB.sh,01noThrottling.sh,26CPU2Mem4GB.sh,27CPU2Mem8GB.sh,27CPU2Mem8GB.sh,27CPU2Mem8GB.sh,28CPU2Mem16GB.sh,24CPU1Mem4GB.sh,27CPU2Mem8GB.sh,26CPU2Mem4GB.sh,27CPU2Mem8GB.sh,29CPU4Mem8GB.sh,26CPU2Mem4GB.sh,27CPU2Mem8GB.sh,28CPU2Mem16GB.sh,28CPU2Mem16GB.sh,26CPU2Mem4GB.sh,01noThrottling.sh,29CPU4Mem8GB.sh,26CPU2Mem4GB.sh,27CPU2Mem8GB.sh,27CPU2Mem8GB.sh,26CPU2Mem4GB.sh,26CPU2Mem4GB.sh,27CPU2Mem8GB.sh,23CPU05Mem4GB.sh,29CPU4Mem8GB.sh,27CPU2Mem8GB.sh
timely.store.MetricAgeOffFilterTest,testAgeoffMixed,19CPU010Mem1GB.sh,28CPU2Mem16GB.sh,25CPU1Mem8GB.sh,21CPU025Mem2GB.sh,23CPU05Mem4GB.sh,28CPU2Mem16GB.sh,22CPU05Mem2GB.sh,21CPU025Mem2GB.sh,19CPU010Mem1GB.sh,24CPU1Mem4GB.sh,19CPU010Mem1GB.sh,27CPU2Mem8GB.sh,22CPU05Mem2GB.sh,22CPU05Mem2GB.sh,23CPU05Mem4GB.sh,26CPU2Mem4GB.sh,24CPU1Mem4GB.sh,23CPU05Mem4GB.sh,21CPU025Mem2GB.sh,25CPU1Mem8GB.sh,24CPU1Mem4GB.sh,25CPU1Mem8GB.sh,22CPU05Mem2GB.sh,27CPU2Mem8GB.sh,20CPU010Mem2GB.sh,20CPU010Mem2GB.sh,20CPU010Mem2GB.sh,25CPU1Mem8GB.sh,23CPU05Mem4GB.sh,26CPU2Mem4GB.sh,28CPU2Mem16GB.sh
timely.store.MetricAgeOffFilterTest,testDefault,23CPU05Mem4GB.sh,20CPU010Mem2GB.sh,21CPU025Mem2GB.sh,19CPU010Mem1GB.sh,19CPU010Mem1GB.sh,20CPU010Mem2GB.sh,19CPU010Mem1GB.sh,20CPU010Mem2GB.sh,20CPU010Mem2GB.sh,19CPU010Mem1GB.sh,19CPU010Mem1GB.sh,21CPU025Mem2GB.sh,20CPU010Mem2GB.sh,22CPU05Mem2GB.sh,19CPU010Mem1GB.sh,22CPU05Mem2GB.sh,20CPU010Mem2GB.sh,20CPU010Mem2GB.sh,20CPU010Mem2GB.sh,20CPU010Mem2GB.sh,20CPU010Mem2GB.sh,22CPU05Mem2GB.sh,20CPU010Mem2GB.sh,26CPU2Mem4GB.sh,24CPU1Mem4GB.sh,19CPU010Mem1GB.sh,22CPU05Mem2GB.sh,19CPU010Mem1GB.sh,19CPU010Mem1GB.sh,19CPU010Mem1GB.sh,26CPU2Mem4GB.sh
timely.store.MetricAgeOffFilterTest,testDefaultMissing,21CPU025Mem2GB.sh,19CPU010Mem1GB.sh,19CPU010Mem1GB.sh,19CPU010Mem1GB.sh,19CPU010Mem1GB.sh,19CPU010Mem1GB.sh,20CPU010Mem2GB.sh,20CPU010Mem2GB.sh,19CPU010Mem1GB.sh,19CPU010Mem1GB.sh,22CPU05Mem2GB.sh,19CPU010Mem1GB.sh,20CPU010Mem2GB.sh,20CPU010Mem2GB.sh,19CPU010Mem1GB.sh,19CPU010Mem1GB.sh,19CPU010Mem1GB.sh,19CPU010Mem1GB.sh,19CPU010Mem1GB.sh,20CPU010Mem2GB.sh,19CPU010Mem1GB.sh,20CPU010Mem2GB.sh,20CPU010Mem2GB.sh,19CPU010Mem1GB.sh,20CPU010Mem2GB.sh,20CPU010Mem2GB.sh,20CPU010Mem2GB.sh,21CPU025Mem2GB.sh,20CPU010Mem2GB.sh,19CPU010Mem1GB.sh,26CPU2Mem4GB.sh
timely.sample.iterators.DownsampleIteratorTest,memoryEstimatorTestSmallObjects,29CPU4Mem8GB.sh,01noThrottling.sh,01noThrottling.sh,29CPU4Mem8GB.sh,01noThrottling.sh,01noThrottling.sh,01noThrottling.sh,01noThrottling.sh,01noThrottling.sh,01noThrottling.sh,01noThrottling.sh,29CPU4Mem8GB.sh,29CPU4Mem8GB.sh,01noThrottling.sh,01noThrottling.sh,01noThrottling.sh,27CPU2Mem8GB.sh,29CPU4Mem8GB.sh,01noThrottling.sh,29CPU4Mem8GB.sh,29CPU4Mem8GB.sh,29CPU4Mem8GB.sh,01noThrottling.sh,01noThrottling.sh,01noThrottling.sh,01noThrottling.sh,01noThrottling.sh,29CPU4Mem8GB.sh,01noThrottling.sh,01noThrottling.sh,01noThrottling.sh
timely.sample.iterators.DownsampleIteratorTest,simpleGetOneSample,29CPU4Mem8GB.sh,01noThrottling.sh,25CPU1Mem8GB.sh,28CPU2Mem16GB.sh,27CPU2Mem8GB.sh,01noThrottling.sh,29CPU4Mem8GB.sh,26CPU2Mem4GB.sh,27CPU2Mem8GB.sh,27CPU2Mem8GB.sh,27CPU2Mem8GB.sh,27CPU2Mem8GB.sh,26CPU2Mem4GB.sh,27CPU2Mem8GB.sh,27CPU2Mem8GB.sh,28CPU2Mem16GB.sh,26CPU2Mem4GB.sh,29CPU4Mem8GB.sh,27CPU2Mem8GB.sh,26CPU2Mem4GB.sh,26CPU2Mem4GB.sh,29CPU4Mem8GB.sh,29CPU4Mem8GB.sh,28CPU2Mem16GB.sh,27CPU2Mem8GB.sh,29CPU4Mem8GB.sh,26CPU2Mem4GB.sh,27CPU2Mem8GB.sh,29CPU4Mem8GB.sh,29CPU4Mem8GB.sh,27CPU2Mem8GB.sh
timely.sample.iterators.DownsampleIteratorTest,simpleGetTwoSamples,29CPU4Mem8GB.sh,25CPU1Mem8GB.sh,27CPU2Mem8GB.sh,28CPU2Mem16GB.sh,29CPU4Mem8GB.sh,27CPU2Mem8GB.sh,01noThrottling.sh,27CPU2Mem8GB.sh,01noThrottling.sh,29CPU4Mem8GB.sh,26CPU2Mem4GB.sh,26CPU2Mem4GB.sh,29CPU4Mem8GB.sh,28CPU2Mem16GB.sh,26CPU2Mem4GB.sh,28CPU2Mem16GB.sh,26CPU2Mem4GB.sh,26CPU2Mem4GB.sh,26CPU2Mem4GB.sh,25CPU1Mem8GB.sh,26CPU2Mem4GB.sh,29CPU4Mem8GB.sh,29CPU4Mem8GB.sh,26CPU2Mem4GB.sh,24CPU1Mem4GB.sh,01noThrottling.sh,26CPU2Mem4GB.sh,26CPU2Mem4GB.sh,28CPU2Mem16GB.sh,28CPU2Mem16GB.sh,26CPU2Mem4GB.sh
timely.sample.iterators.DownsampleIteratorTest,testDownsampleCombining,29CPU4Mem8GB.sh,28CPU2Mem16GB.sh,01noThrottling.sh,29CPU4Mem8GB.sh,29CPU4Mem8GB.sh,01noThrottling.sh,01noThrottling.sh,01noThrottling.sh,28CPU2Mem16GB.sh,01noThrottling.sh,26CPU2Mem4GB.sh,29CPU4Mem8GB.sh,26CPU2Mem4GB.sh,29CPU4Mem8GB.sh,28CPU2Mem16GB.sh,27CPU2Mem8GB.sh,01noThrottling.sh,29CPU4Mem8GB.sh,01noThrottling.sh,29CPU4Mem8GB.sh,26CPU2Mem4GB.sh,01noThrottling.sh,01noThrottling.sh,28CPU2Mem16GB.sh,28CPU2Mem16GB.sh,28CPU2Mem16GB.sh,28CPU2Mem16GB.sh,27CPU2Mem8GB.sh,29CPU4Mem8GB.sh,26CPU2Mem4GB.sh,29CPU4Mem8GB.sh
timely.sample.iterators.DownsampleIteratorTest,memoryEstimatorTestLargeObjects,29CPU4Mem8GB.sh,27CPU2Mem8GB.sh,29CPU4Mem8GB.sh,27CPU2Mem8GB.sh,01noThrottling.sh,27CPU2Mem8GB.sh,01noThrottling.sh,26CPU2Mem4GB.sh,26CPU2Mem4GB.sh,25CPU1Mem8GB.sh,01noThrottling.sh,28CPU2Mem16GB.sh,26CPU2Mem4GB.sh,28CPU2Mem16GB.sh,24CPU1Mem4GB.sh,22CPU05Mem2GB.sh,26CPU2Mem4GB.sh,27CPU2Mem8GB.sh,28CPU2Mem16GB.sh,29CPU4Mem8GB.sh,26CPU2Mem4GB.sh,29CPU4Mem8GB.sh,28CPU2Mem16GB.sh,26CPU2Mem4GB.sh,23CPU05Mem4GB.sh,27CPU2Mem8GB.sh,26CPU2Mem4GB.sh,28CPU2Mem16GB.sh,29CPU4Mem8GB.sh,27CPU2Mem8GB.sh,01noThrottling.sh
timely.sample.iterators.DownsampleIteratorTest,simpleTestDownsampling,25CPU1Mem8GB.sh,26CPU2Mem4GB.sh,28CPU2Mem16GB.sh,29CPU4Mem8GB.sh,01noThrottling.sh,27CPU2Mem8GB.sh,01noThrottling.sh,27CPU2Mem8GB.sh,01noThrottling.sh,01noThrottling.sh,26CPU2Mem4GB.sh,29CPU4Mem8GB.sh,24CPU1Mem4GB.sh,01noThrottling.sh,26CPU2Mem4GB.sh,27CPU2Mem8GB.sh,26CPU2Mem4GB.sh,29CPU4Mem8GB.sh,29CPU4Mem8GB.sh,26CPU2Mem4GB.sh,26CPU2Mem4GB.sh,27CPU2Mem8GB.sh,28CPU2Mem16GB.sh,26CPU2Mem4GB.sh,28CPU2Mem16GB.sh,01noThrottling.sh,01noThrottling.sh,28CPU2Mem16GB.sh,28CPU2Mem16GB.sh,27CPU2Mem8GB.sh,29CPU4Mem8GB.sh
timely.api.model.MetaTest,testToKeys,24CPU1Mem4GB.sh,20CPU010Mem2GB.sh,19CPU010Mem1GB.sh,19CPU010Mem1GB.sh,23CPU05Mem4GB.sh,23CPU05Mem4GB.sh,21CPU025Mem2GB.sh,19CPU010Mem1GB.sh,22CPU05Mem2GB.sh,19CPU010Mem1GB.sh,22CPU05Mem2GB.sh,20CPU010Mem2GB.sh,20CPU010Mem2GB.sh,22CPU05Mem2GB.sh,19CPU010Mem1GB.sh,23CPU05Mem4GB.sh,20CPU010Mem2GB.sh,19CPU010Mem1GB.sh,19CPU010Mem1GB.sh,19CPU010Mem1GB.sh,19CPU010Mem1GB.sh,20CPU010Mem2GB.sh,19CPU010Mem1GB.sh,22CPU05Mem2GB.sh,19CPU010Mem1GB.sh,19CPU010Mem1GB.sh,19CPU010Mem1GB.sh,26CPU2Mem4GB.sh,20CPU010Mem2GB.sh,20CPU010Mem2GB.sh,27CPU2Mem8GB.sh
timely.store.iterators.TimeSeriesGroupingIteratorTest,testTimeSeriesDropOff,29CPU4Mem8GB.sh,01noThrottling.sh,01noThrottling.sh,29CPU4Mem8GB.sh,01noThrottling.sh,29CPU4Mem8GB.sh,29CPU4Mem8GB.sh,29CPU4Mem8GB.sh,01noThrottling.sh,29CPU4Mem8GB.sh,29CPU4Mem8GB.sh,01noThrottling.sh,01noThrottling.sh,01noThrottling.sh,29CPU4Mem8GB.sh,01noThrottling.sh,29CPU4Mem8GB.sh,01noThrottling.sh,01noThrottling.sh,01noThrottling.sh,01noThrottling.sh,29CPU4Mem8GB.sh,29CPU4Mem8GB.sh,29CPU4Mem8GB.sh,29CPU4Mem8GB.sh,29CPU4Mem8GB.sh,29CPU4Mem8GB.sh,29CPU4Mem8GB.sh,29CPU4Mem8GB.sh,01noThrottling.sh,01noThrottling.sh
timely.store.iterators.TimeSeriesGroupingIteratorTest,testManySparseTimeSeries,29CPU4Mem8GB.sh,29CPU4Mem8GB.sh,29CPU4Mem8GB.sh,29CPU4Mem8GB.sh,01noThrottling.sh,29CPU4Mem8GB.sh,01noThrottling.sh,01noThrottling.sh,01noThrottling.sh,01noThrottling.sh,29CPU4Mem8GB.sh,29CPU4Mem8GB.sh,01noThrottling.sh,29CPU4Mem8GB.sh,01noThrottling.sh,01noThrottling.sh,01noThrottling.sh,01noThrottling.sh,01noThrottling.sh,29CPU4Mem8GB.sh,01noThrottling.sh,01noThrottling.sh,29CPU4Mem8GB.sh,29CPU4Mem8GB.sh,01noThrottling.sh,01noThrottling.sh,01noThrottling.sh,01noThrottling.sh,29CPU4Mem8GB.sh,29CPU4Mem8GB.sh,01noThrottling.sh
timely.store.iterators.TimeSeriesGroupingIteratorTest,testMovingAverage,27CPU2Mem8GB.sh,01noThrottling.sh,29CPU4Mem8GB.sh,29CPU4Mem8GB.sh,01noThrottling.sh,01noThrottling.sh,01noThrottling.sh,27CPU2Mem8GB.sh,01noThrottling.sh,27CPU2Mem8GB.sh,01noThrottling.sh,29CPU4Mem8GB.sh,01noThrottling.sh,01noThrottling.sh,01noThrottling.sh,01noThrottling.sh,01noThrottling.sh,27CPU2Mem8GB.sh,01noThrottling.sh,29CPU4Mem8GB.sh,01noThrottling.sh,01noThrottling.sh,26CPU2Mem4GB.sh,29CPU4Mem8GB.sh,01noThrottling.sh,29CPU4Mem8GB.sh,01noThrottling.sh,26CPU2Mem4GB.sh,01noThrottling.sh,26CPU2Mem4GB.sh,01noThrottling.sh
timely.store.iterators.TimeSeriesGroupingIteratorTest,testMultipleTimeSeriesMovingAverage,29CPU4Mem8GB.sh,29CPU4Mem8GB.sh,29CPU4Mem8GB.sh,29CPU4Mem8GB.sh,29CPU4Mem8GB.sh,29CPU4Mem8GB.sh,29CPU4Mem8GB.sh,29CPU4Mem8GB.sh,29CPU4Mem8GB.sh,29CPU4Mem8GB.sh,29CPU4Mem8GB.sh,29CPU4Mem8GB.sh,29CPU4Mem8GB.sh,29CPU4Mem8GB.sh,29CPU4Mem8GB.sh,29CPU4Mem8GB.sh,29CPU4Mem8GB.sh,29CPU4Mem8GB.sh,29CPU4Mem8GB.sh,29CPU4Mem8GB.sh,29CPU4Mem8GB.sh,29CPU4Mem8GB.sh,29CPU4Mem8GB.sh,29CPU4Mem8GB.sh,29CPU4Mem8GB.sh,29CPU4Mem8GB.sh,29CPU4Mem8GB.sh,29CPU4Mem8GB.sh,29CPU4Mem8GB.sh,29CPU4Mem8GB.sh,29CPU4Mem8GB.sh
timely.store.iterators.TimeSeriesGroupingIteratorTest,testAdditionalTimeSeries,28CPU2Mem16GB.sh,01noThrottling.sh,01noThrottling.sh,01noThrottling.sh,01noThrottling.sh,01noThrottling.sh,01noThrottling.sh,01noThrottling.sh,01noThrottling.sh,01noThrottling.sh,29CPU4Mem8GB.sh,01noThrottling.sh,01noThrottling.sh,01noThrottling.sh,01noThrottling.sh,01noThrottling.sh,01noThrottling.sh,01noThrottling.sh,01noThrottling.sh,01noThrottling.sh,01noThrottling.sh,01noThrottling.sh,01noThrottling.sh,01noThrottling.sh,01noThrottling.sh,01noThrottling.sh,01noThrottling.sh,29CPU4Mem8GB.sh,01noThrottling.sh,01noThrottling.sh,01noThrottling.sh
timely.store.TagMatchingTest,testRegex1,22CPU05Mem2GB.sh,19CPU010Mem1GB.sh,19CPU010Mem1GB.sh,20CPU010Mem2GB.sh,20CPU010Mem2GB.sh,21CPU025Mem2GB.sh,20CPU010Mem2GB.sh,21CPU025Mem2GB.sh,19CPU010Mem1GB.sh,19CPU010Mem1GB.sh,23CPU05Mem4GB.sh,20CPU010Mem2GB.sh,20CPU010Mem2GB.sh,20CPU010Mem2GB.sh,19CPU010Mem1GB.sh,21CPU025Mem2GB.sh,22CPU05Mem2GB.sh,22CPU05Mem2GB.sh,20CPU010Mem2GB.sh,20CPU010Mem2GB.sh,22CPU05Mem2GB.sh,19CPU010Mem1GB.sh,22CPU05Mem2GB.sh,19CPU010Mem1GB.sh,19CPU010Mem1GB.sh,19CPU010Mem1GB.sh,21CPU025Mem2GB.sh,19CPU010Mem1GB.sh,19CPU010Mem1GB.sh,21CPU025Mem2GB.sh,29CPU4Mem8GB.sh
timely.store.TagMatchingTest,testRegex2,26CPU2Mem4GB.sh,19CPU010Mem1GB.sh,20CPU010Mem2GB.sh,21CPU025Mem2GB.sh,22CPU05Mem2GB.sh,19CPU010Mem1GB.sh,21CPU025Mem2GB.sh,24CPU1Mem4GB.sh,23CPU05Mem4GB.sh,24CPU1Mem4GB.sh,24CPU1Mem4GB.sh,21CPU025Mem2GB.sh,20CPU010Mem2GB.sh,20CPU010Mem2GB.sh,22CPU05Mem2GB.sh,20CPU010Mem2GB.sh,19CPU010Mem1GB.sh,21CPU025Mem2GB.sh,21CPU025Mem2GB.sh,20CPU010Mem2GB.sh,25CPU1Mem8GB.sh,21CPU025Mem2GB.sh,23CPU05Mem4GB.sh,26CPU2Mem4GB.sh,22CPU05Mem2GB.sh,24CPU1Mem4GB.sh,26CPU2Mem4GB.sh,22CPU05Mem2GB.sh,21CPU025Mem2GB.sh,20CPU010Mem2GB.sh,01noThrottling.sh
timely.store.TagMatchingTest,testRegex3,19CPU010Mem1GB.sh,23CPU05Mem4GB.sh,19CPU010Mem1GB.sh,20CPU010Mem2GB.sh,19CPU010Mem1GB.sh,22CPU05Mem2GB.sh,20CPU010Mem2GB.sh,22CPU05Mem2GB.sh,21CPU025Mem2GB.sh,19CPU010Mem1GB.sh,19CPU010Mem1GB.sh,20CPU010Mem2GB.sh,20CPU010Mem2GB.sh,19CPU010Mem1GB.sh,20CPU010Mem2GB.sh,19CPU010Mem1GB.sh,19CPU010Mem1GB.sh,19CPU010Mem1GB.sh,20CPU010Mem2GB.sh,20CPU010Mem2GB.sh,21CPU025Mem2GB.sh,19CPU010Mem1GB.sh,21CPU025Mem2GB.sh,22CPU05Mem2GB.sh,19CPU010Mem1GB.sh,21CPU025Mem2GB.sh,19CPU010Mem1GB.sh,20CPU010Mem2GB.sh,19CPU010Mem1GB.sh,19CPU010Mem1GB.sh,28CPU2Mem16GB.sh
timely.sample.AggregationTest,simple,25CPU1Mem8GB.sh,19CPU010Mem1GB.sh,20CPU010Mem2GB.sh,28CPU2Mem16GB.sh,23CPU05Mem4GB.sh,29CPU4Mem8GB.sh,20CPU010Mem2GB.sh,25CPU1Mem8GB.sh,21CPU025Mem2GB.sh,27CPU2Mem8GB.sh,26CPU2Mem4GB.sh,23CPU05Mem4GB.sh,27CPU2Mem8GB.sh,22CPU05Mem2GB.sh,23CPU05Mem4GB.sh,22CPU05Mem2GB.sh,27CPU2Mem8GB.sh,23CPU05Mem4GB.sh,27CPU2Mem8GB.sh,28CPU2Mem16GB.sh,23CPU05Mem4GB.sh,19CPU010Mem1GB.sh,22CPU05Mem2GB.sh,19CPU010Mem1GB.sh,24CPU1Mem4GB.sh,22CPU05Mem2GB.sh,26CPU2Mem4GB.sh,19CPU010Mem1GB.sh,22CPU05Mem2GB.sh,21CPU025Mem2GB.sh,27CPU2Mem8GB.sh
timely.api.response.timeseries.AggregatorsResponseTest,testAggregatorsResponse,28CPU2Mem16GB.sh,01noThrottling.sh,28CPU2Mem16GB.sh,26CPU2Mem4GB.sh,26CPU2Mem4GB.sh,01noThrottling.sh,01noThrottling.sh,27CPU2Mem8GB.sh,25CPU1Mem8GB.sh,28CPU2Mem16GB.sh,26CPU2Mem4GB.sh,27CPU2Mem8GB.sh,23CPU05Mem4GB.sh,25CPU1Mem8GB.sh,27CPU2Mem8GB.sh,29CPU4Mem8GB.sh,27CPU2Mem8GB.sh,27CPU2Mem8GB.sh,27CPU2Mem8GB.sh,28CPU2Mem16GB.sh,25CPU1Mem8GB.sh,28CPU2Mem16GB.sh,27CPU2Mem8GB.sh,28CPU2Mem16GB.sh,19CPU010Mem1GB.sh,01noThrottling.sh,28CPU2Mem16GB.sh,22CPU05Mem2GB.sh,26CPU2Mem4GB.sh,29CPU4Mem8GB.sh,29CPU4Mem8GB.sh
timely.api.response.timeseries.AggregatorsResponseTest,testAggregatorsResponseEmpty,19CPU010Mem1GB.sh,19CPU010Mem1GB.sh,24CPU1Mem4GB.sh,20CPU010Mem2GB.sh,23CPU05Mem4GB.sh,19CPU010Mem1GB.sh,26CPU2Mem4GB.sh,21CPU025Mem2GB.sh,21CPU025Mem2GB.sh,28CPU2Mem16GB.sh,22CPU05Mem2GB.sh,20CPU010Mem2GB.sh,21CPU025Mem2GB.sh,20CPU010Mem2GB.sh,20CPU010Mem2GB.sh,23CPU05Mem4GB.sh,23CPU05Mem4GB.sh,21CPU025Mem2GB.sh,20CPU010Mem2GB.sh,20CPU010Mem2GB.sh,20CPU010Mem2GB.sh,29CPU4Mem8GB.sh,19CPU010Mem1GB.sh,24CPU1Mem4GB.sh,20CPU010Mem2GB.sh,20CPU010Mem2GB.sh,19CPU010Mem1GB.sh,22CPU05Mem2GB.sh,29CPU4Mem8GB.sh,21CPU025Mem2GB.sh,27CPU2Mem8GB.sh
timely.auth.AuthCacheTest,testGetAuths,27CPU2Mem8GB.sh,26CPU2Mem4GB.sh,29CPU4Mem8GB.sh,01noThrottling.sh,29CPU4Mem8GB.sh,23CPU05Mem4GB.sh,27CPU2Mem8GB.sh,29CPU4Mem8GB.sh,22CPU05Mem2GB.sh,27CPU2Mem8GB.sh,25CPU1Mem8GB.sh,24CPU1Mem4GB.sh,26CPU2Mem4GB.sh,27CPU2Mem8GB.sh,26CPU2Mem4GB.sh,29CPU4Mem8GB.sh,22CPU05Mem2GB.sh,29CPU4Mem8GB.sh,26CPU2Mem4GB.sh,27CPU2Mem8GB.sh,28CPU2Mem16GB.sh,28CPU2Mem16GB.sh,26CPU2Mem4GB.sh,24CPU1Mem4GB.sh,27CPU2Mem8GB.sh,23CPU05Mem4GB.sh,01noThrottling.sh,27CPU2Mem8GB.sh,23CPU05Mem4GB.sh,29CPU4Mem8GB.sh,01noThrottling.sh
timely.auth.AuthCacheTest,testSessionIdNull,28CPU2Mem16GB.sh,01noThrottling.sh,01noThrottling.sh,24CPU1Mem4GB.sh,29CPU4Mem8GB.sh,29CPU4Mem8GB.sh,29CPU4Mem8GB.sh,01noThrottling.sh,01noThrottling.sh,01noThrottling.sh,01noThrottling.sh,01noThrottling.sh,19CPU010Mem1GB.sh,29CPU4Mem8GB.sh,29CPU4Mem8GB.sh,27CPU2Mem8GB.sh,29CPU4Mem8GB.sh,01noThrottling.sh,01noThrottling.sh,24CPU1Mem4GB.sh,21CPU025Mem2GB.sh,29CPU4Mem8GB.sh,01noThrottling.sh,25CPU1Mem8GB.sh,01noThrottling.sh,29CPU4Mem8GB.sh,01noThrottling.sh,29CPU4Mem8GB.sh,29CPU4Mem8GB.sh,26CPU2Mem4GB.sh,01noThrottling.sh
timely.ConfigurationTest,testMissingSSLProperty,29CPU4Mem8GB.sh,01noThrottling.sh,01noThrottling.sh,29CPU4Mem8GB.sh,01noThrottling.sh,01noThrottling.sh,01noThrottling.sh,01noThrottling.sh,29CPU4Mem8GB.sh,01noThrottling.sh,01noThrottling.sh,01noThrottling.sh,29CPU4Mem8GB.sh,29CPU4Mem8GB.sh,29CPU4Mem8GB.sh,29CPU4Mem8GB.sh,01noThrottling.sh,01noThrottling.sh,01noThrottling.sh,01noThrottling.sh,26CPU2Mem4GB.sh,29CPU4Mem8GB.sh,01noThrottling.sh,29CPU4Mem8GB.sh,01noThrottling.sh,01noThrottling.sh,29CPU4Mem8GB.sh,29CPU4Mem8GB.sh,01noThrottling.sh,29CPU4Mem8GB.sh,29CPU4Mem8GB.sh
timely.ConfigurationTest,testSSLProperty,29CPU4Mem8GB.sh,01noThrottling.sh,01noThrottling.sh,29CPU4Mem8GB.sh,01noThrottling.sh,01noThrottling.sh,01noThrottling.sh,01noThrottling.sh,29CPU4Mem8GB.sh,01noThrottling.sh,01noThrottling.sh,01noThrottling.sh,01noThrottling.sh,29CPU4Mem8GB.sh,01noThrottling.sh,29CPU4Mem8GB.sh,29CPU4Mem8GB.sh,01noThrottling.sh,01noThrottling.sh,29CPU4Mem8GB.sh,26CPU2Mem4GB.sh,29CPU4Mem8GB.sh,01noThrottling.sh,29CPU4Mem8GB.sh,01noThrottling.sh,29CPU4Mem8GB.sh,29CPU4Mem8GB.sh,29CPU4Mem8GB.sh,29CPU4Mem8GB.sh,01noThrottling.sh,01noThrottling.sh
timely.ConfigurationTest,testMinimalConfiguration,29CPU4Mem8GB.sh,26CPU2Mem4GB.sh,01noThrottling.sh,29CPU4Mem8GB.sh,29CPU4Mem8GB.sh,26CPU2Mem4GB.sh,29CPU4Mem8GB.sh,01noThrottling.sh,29CPU4Mem8GB.sh,29CPU4Mem8GB.sh,29CPU4Mem8GB.sh,01noThrottling.sh,26CPU2Mem4GB.sh,29CPU4Mem8GB.sh,29CPU4Mem8GB.sh,26CPU2Mem4GB.sh,29CPU4Mem8GB.sh,29CPU4Mem8GB.sh,01noThrottling.sh,01noThrottling.sh,26CPU2Mem4GB.sh,29CPU4Mem8GB.sh,26CPU2Mem4GB.sh,01noThrottling.sh,26CPU2Mem4GB.sh,29CPU4Mem8GB.sh,29CPU4Mem8GB.sh,29CPU4Mem8GB.sh,29CPU4Mem8GB.sh,29CPU4Mem8GB.sh,29CPU4Mem8GB.sh
timely.util.MetaKeySetTest,testToMutations,29CPU4Mem8GB.sh,26CPU2Mem4GB.sh,27CPU2Mem8GB.sh,29CPU4Mem8GB.sh,29CPU4Mem8GB.sh,01noThrottling.sh,29CPU4Mem8GB.sh,29CPU4Mem8GB.sh,29CPU4Mem8GB.sh,01noThrottling.sh,27CPU2Mem8GB.sh,29CPU4Mem8GB.sh,29CPU4Mem8GB.sh,29CPU4Mem8GB.sh,29CPU4Mem8GB.sh,29CPU4Mem8GB.sh,29CPU4Mem8GB.sh,01noThrottling.sh,29CPU4Mem8GB.sh,29CPU4Mem8GB.sh,01noThrottling.sh,29CPU4Mem8GB.sh,29CPU4Mem8GB.sh,29CPU4Mem8GB.sh,27CPU2Mem8GB.sh,29CPU4Mem8GB.sh,29CPU4Mem8GB.sh,29CPU4Mem8GB.sh,01noThrottling.sh,29CPU4Mem8GB.sh,29CPU4Mem8GB.sh
timely.util.MetaKeySetTest,testContents,23CPU05Mem4GB.sh,26CPU2Mem4GB.sh,23CPU05Mem4GB.sh,24CPU1Mem4GB.sh,01noThrottling.sh,20CPU010Mem2GB.sh,26CPU2Mem4GB.sh,22CPU05Mem2GB.sh,19CPU010Mem1GB.sh,25CPU1Mem8GB.sh,19CPU010Mem1GB.sh,26CPU2Mem4GB.sh,23CPU05Mem4GB.sh,25CPU1Mem8GB.sh,22CPU05Mem2GB.sh,25CPU1Mem8GB.sh,26CPU2Mem4GB.sh,19CPU010Mem1GB.sh,22CPU05Mem2GB.sh,23CPU05Mem4GB.sh,23CPU05Mem4GB.sh,19CPU010Mem1GB.sh,28CPU2Mem16GB.sh,22CPU05Mem2GB.sh,26CPU2Mem4GB.sh,19CPU010Mem1GB.sh,26CPU2Mem4GB.sh,25CPU1Mem8GB.sh,24CPU1Mem4GB.sh,27CPU2Mem8GB.sh,27CPU2Mem8GB.sh
timely.api.model.MetricAdapterTest,testParse,22CPU05Mem2GB.sh,24CPU1Mem4GB.sh,28CPU2Mem16GB.sh,23CPU05Mem4GB.sh,20CPU010Mem2GB.sh,21CPU025Mem2GB.sh,24CPU1Mem4GB.sh,19CPU010Mem1GB.sh,20CPU010Mem2GB.sh,22CPU05Mem2GB.sh,22CPU05Mem2GB.sh,20CPU010Mem2GB.sh,22CPU05Mem2GB.sh,19CPU010Mem1GB.sh,20CPU010Mem2GB.sh,21CPU025Mem2GB.sh,21CPU025Mem2GB.sh,22CPU05Mem2GB.sh,20CPU010Mem2GB.sh,01noThrottling.sh,19CPU010Mem1GB.sh,21CPU025Mem2GB.sh,21CPU025Mem2GB.sh,22CPU05Mem2GB.sh,23CPU05Mem4GB.sh,20CPU010Mem2GB.sh,19CPU010Mem1GB.sh,20CPU010Mem2GB.sh,26CPU2Mem4GB.sh,22CPU05Mem2GB.sh,28CPU2Mem16GB.sh
timely.api.model.MetricAdapterTest,testToMutation,29CPU4Mem8GB.sh,26CPU2Mem4GB.sh,29CPU4Mem8GB.sh,19CPU010Mem1GB.sh,01noThrottling.sh,28CPU2Mem16GB.sh,24CPU1Mem4GB.sh,29CPU4Mem8GB.sh,28CPU2Mem16GB.sh,24CPU1Mem4GB.sh,19CPU010Mem1GB.sh,20CPU010Mem2GB.sh,28CPU2Mem16GB.sh,27CPU2Mem8GB.sh,28CPU2Mem16GB.sh,25CPU1Mem8GB.sh,01noThrottling.sh,01noThrottling.sh,01noThrottling.sh,26CPU2Mem4GB.sh,29CPU4Mem8GB.sh,25CPU1Mem8GB.sh,01noThrottling.sh,29CPU4Mem8GB.sh,01noThrottling.sh,20CPU010Mem2GB.sh,01noThrottling.sh,27CPU2Mem8GB.sh,22CPU05Mem2GB.sh,19CPU010Mem1GB.sh,01noThrottling.sh
timely.api.model.MetricAdapterTest,testParseWithViz,24CPU1Mem4GB.sh,01noThrottling.sh,29CPU4Mem8GB.sh,24CPU1Mem4GB.sh,29CPU4Mem8GB.sh,27CPU2Mem8GB.sh,25CPU1Mem8GB.sh,29CPU4Mem8GB.sh,25CPU1Mem8GB.sh,23CPU05Mem4GB.sh,29CPU4Mem8GB.sh,24CPU1Mem4GB.sh,21CPU025Mem2GB.sh,26CPU2Mem4GB.sh,29CPU4Mem8GB.sh,21CPU025Mem2GB.sh,26CPU2Mem4GB.sh,26CPU2Mem4GB.sh,20CPU010Mem2GB.sh,27CPU2Mem8GB.sh,01noThrottling.sh,01noThrottling.sh,01noThrottling.sh,22CPU05Mem2GB.sh,27CPU2Mem8GB.sh,19CPU010Mem1GB.sh,23CPU05Mem4GB.sh,19CPU010Mem1GB.sh,29CPU4Mem8GB.sh,01noThrottling.sh,29CPU4Mem8GB.sh
timely.api.model.MetricAdapterTest,testToMetricResponse,27CPU2Mem8GB.sh,26CPU2Mem4GB.sh,28CPU2Mem16GB.sh,26CPU2Mem4GB.sh,25CPU1Mem8GB.sh,26CPU2Mem4GB.sh,29CPU4Mem8GB.sh,01noThrottling.sh,25CPU1Mem8GB.sh,01noThrottling.sh,29CPU4Mem8GB.sh,01noThrottling.sh,25CPU1Mem8GB.sh,01noThrottling.sh,29CPU4Mem8GB.sh,25CPU1Mem8GB.sh,01noThrottling.sh,29CPU4Mem8GB.sh,01noThrottling.sh,29CPU4Mem8GB.sh,29CPU4Mem8GB.sh,26CPU2Mem4GB.sh,01noThrottling.sh,26CPU2Mem4GB.sh,25CPU1Mem8GB.sh,24CPU1Mem4GB.sh,01noThrottling.sh,29CPU4Mem8GB.sh,01noThrottling.sh,27CPU2Mem8GB.sh,29CPU4Mem8GB.sh
timely.api.model.MetricAdapterTest,testToMutationWithViz,22CPU05Mem2GB.sh,29CPU4Mem8GB.sh,23CPU05Mem4GB.sh,29CPU4Mem8GB.sh,29CPU4Mem8GB.sh,01noThrottling.sh,28CPU2Mem16GB.sh,01noThrottling.sh,26CPU2Mem4GB.sh,25CPU1Mem8GB.sh,28CPU2Mem16GB.sh,20CPU010Mem2GB.sh,29CPU4Mem8GB.sh,01noThrottling.sh,25CPU1Mem8GB.sh,27CPU2Mem8GB.sh,26CPU2Mem4GB.sh,26CPU2Mem4GB.sh,01noThrottling.sh,20CPU010Mem2GB.sh,24CPU1Mem4GB.sh,27CPU2Mem8GB.sh,21CPU025Mem2GB.sh,23CPU05Mem4GB.sh,20CPU010Mem2GB.sh,20CPU010Mem2GB.sh,29CPU4Mem8GB.sh,26CPU2Mem4GB.sh,24CPU1Mem4GB.sh,24CPU1Mem4GB.sh,01noThrottling.sh
timely.api.model.MetricAdapterTest,testParseWithEscapes,28CPU2Mem16GB.sh,24CPU1Mem4GB.sh,28CPU2Mem16GB.sh,19CPU010Mem1GB.sh,19CPU010Mem1GB.sh,26CPU2Mem4GB.sh,22CPU05Mem2GB.sh,19CPU010Mem1GB.sh,24CPU1Mem4GB.sh,21CPU025Mem2GB.sh,21CPU025Mem2GB.sh,19CPU010Mem1GB.sh,24CPU1Mem4GB.sh,22CPU05Mem2GB.sh,20CPU010Mem2GB.sh,26CPU2Mem4GB.sh,21CPU025Mem2GB.sh,22CPU05Mem2GB.sh,26CPU2Mem4GB.sh,29CPU4Mem8GB.sh,26CPU2Mem4GB.sh,23CPU05Mem4GB.sh,20CPU010Mem2GB.sh,22CPU05Mem2GB.sh,25CPU1Mem8GB.sh,19CPU010Mem1GB.sh,24CPU1Mem4GB.sh,22CPU05Mem2GB.sh,19CPU010Mem1GB.sh,27CPU2Mem8GB.sh,28CPU2Mem16GB.sh
timely.netty.tcp.MetricsBufferDecoderTest,testPutMultipleBuffers,29CPU4Mem8GB.sh,26CPU2Mem4GB.sh,27CPU2Mem8GB.sh,29CPU4Mem8GB.sh,24CPU1Mem4GB.sh,28CPU2Mem16GB.sh,26CPU2Mem4GB.sh,26CPU2Mem4GB.sh,01noThrottling.sh,01noThrottling.sh,27CPU2Mem8GB.sh,27CPU2Mem8GB.sh,26CPU2Mem4GB.sh,26CPU2Mem4GB.sh,28CPU2Mem16GB.sh,01noThrottling.sh,29CPU4Mem8GB.sh,28CPU2Mem16GB.sh,28CPU2Mem16GB.sh,26CPU2Mem4GB.sh,26CPU2Mem4GB.sh,29CPU4Mem8GB.sh,01noThrottling.sh,28CPU2Mem16GB.sh,27CPU2Mem8GB.sh,29CPU4Mem8GB.sh,01noThrottling.sh,29CPU4Mem8GB.sh,28CPU2Mem16GB.sh,28CPU2Mem16GB.sh,26CPU2Mem4GB.sh
timely.netty.tcp.MetricsBufferDecoderTest,testBuffer,25CPU1Mem8GB.sh,26CPU2Mem4GB.sh,28CPU2Mem16GB.sh,26CPU2Mem4GB.sh,26CPU2Mem4GB.sh,29CPU4Mem8GB.sh,23CPU05Mem4GB.sh,01noThrottling.sh,01noThrottling.sh,21CPU025Mem2GB.sh,22CPU05Mem2GB.sh,28CPU2Mem16GB.sh,19CPU010Mem1GB.sh,23CPU05Mem4GB.sh,29CPU4Mem8GB.sh,21CPU025Mem2GB.sh,19CPU010Mem1GB.sh,20CPU010Mem2GB.sh,23CPU05Mem4GB.sh,22CPU05Mem2GB.sh,25CPU1Mem8GB.sh,26CPU2Mem4GB.sh,23CPU05Mem4GB.sh,23CPU05Mem4GB.sh,26CPU2Mem4GB.sh,28CPU2Mem16GB.sh,01noThrottling.sh,24CPU1Mem4GB.sh,22CPU05Mem2GB.sh,27CPU2Mem8GB.sh,27CPU2Mem8GB.sh
timely.netty.http.HttpRequestDecoderTest,testSuggestURIWithInvalidType,29CPU4Mem8GB.sh,27CPU2Mem8GB.sh,01noThrottling.sh,27CPU2Mem8GB.sh,27CPU2Mem8GB.sh,26CPU2Mem4GB.sh,24CPU1Mem4GB.sh,24CPU1Mem4GB.sh,28CPU2Mem16GB.sh,27CPU2Mem8GB.sh,27CPU2Mem8GB.sh,28CPU2Mem16GB.sh,27CPU2Mem8GB.sh,27CPU2Mem8GB.sh,25CPU1Mem8GB.sh,27CPU2Mem8GB.sh,25CPU1Mem8GB.sh,28CPU2Mem16GB.sh,26CPU2Mem4GB.sh,26CPU2Mem4GB.sh,28CPU2Mem16GB.sh,28CPU2Mem16GB.sh,01noThrottling.sh,24CPU1Mem4GB.sh,26CPU2Mem4GB.sh,26CPU2Mem4GB.sh,27CPU2Mem8GB.sh,29CPU4Mem8GB.sh,28CPU2Mem16GB.sh,01noThrottling.sh,29CPU4Mem8GB.sh
timely.netty.http.HttpRequestDecoderTest,testLookupURIWithNoLimit,25CPU1Mem8GB.sh,24CPU1Mem4GB.sh,25CPU1Mem8GB.sh,25CPU1Mem8GB.sh,25CPU1Mem8GB.sh,25CPU1Mem8GB.sh,29CPU4Mem8GB.sh,26CPU2Mem4GB.sh,20CPU010Mem2GB.sh,26CPU2Mem4GB.sh,26CPU2Mem4GB.sh,24CPU1Mem4GB.sh,28CPU2Mem16GB.sh,24CPU1Mem4GB.sh,28CPU2Mem16GB.sh,28CPU2Mem16GB.sh,01noThrottling.sh,26CPU2Mem4GB.sh,23CPU05Mem4GB.sh,24CPU1Mem4GB.sh,26CPU2Mem4GB.sh,29CPU4Mem8GB.sh,01noThrottling.sh,27CPU2Mem8GB.sh,28CPU2Mem16GB.sh,26CPU2Mem4GB.sh,27CPU2Mem8GB.sh,28CPU2Mem16GB.sh,24CPU1Mem4GB.sh,24CPU1Mem4GB.sh,27CPU2Mem8GB.sh
timely.netty.http.HttpRequestDecoderTest,testSuggestWithValidTypeAndQuery,28CPU2Mem16GB.sh,29CPU4Mem8GB.sh,25CPU1Mem8GB.sh,01noThrottling.sh,29CPU4Mem8GB.sh,24CPU1Mem4GB.sh,25CPU1Mem8GB.sh,24CPU1Mem4GB.sh,24CPU1Mem4GB.sh,25CPU1Mem8GB.sh,01noThrottling.sh,25CPU1Mem8GB.sh,27CPU2Mem8GB.sh,01noThrottling.sh,27CPU2Mem8GB.sh,24CPU1Mem4GB.sh,28CPU2Mem16GB.sh,24CPU1Mem4GB.sh,26CPU2Mem4GB.sh,27CPU2Mem8GB.sh,28CPU2Mem16GB.sh,26CPU2Mem4GB.sh,26CPU2Mem4GB.sh,25CPU1Mem8GB.sh,01noThrottling.sh,25CPU1Mem8GB.sh,01noThrottling.sh,27CPU2Mem8GB.sh,29CPU4Mem8GB.sh,27CPU2Mem8GB.sh,01noThrottling.sh
timely.netty.http.HttpRequestDecoderTest,testLookupPostWithNoSession,27CPU2Mem8GB.sh,28CPU2Mem16GB.sh,28CPU2Mem16GB.sh,24CPU1Mem4GB.sh,24CPU1Mem4GB.sh,01noThrottling.sh,23CPU05Mem4GB.sh,29CPU4Mem8GB.sh,28CPU2Mem16GB.sh,20CPU010Mem2GB.sh,27CPU2Mem8GB.sh,29CPU4Mem8GB.sh,25CPU1Mem8GB.sh,23CPU05Mem4GB.sh,24CPU1Mem4GB.sh,27CPU2Mem8GB.sh,25CPU1Mem8GB.sh,29CPU4Mem8GB.sh,25CPU1Mem8GB.sh,24CPU1Mem4GB.sh,27CPU2Mem8GB.sh,29CPU4Mem8GB.sh,28CPU2Mem16GB.sh,25CPU1Mem8GB.sh,27CPU2Mem8GB.sh,24CPU1Mem4GB.sh,28CPU2Mem16GB.sh,29CPU4Mem8GB.sh,01noThrottling.sh,24CPU1Mem4GB.sh,29CPU4Mem8GB.sh
timely.netty.http.HttpRequestDecoderTest,testSuggestNoSession,26CPU2Mem4GB.sh,26CPU2Mem4GB.sh,26CPU2Mem4GB.sh,27CPU2Mem8GB.sh,24CPU1Mem4GB.sh,25CPU1Mem8GB.sh,25CPU1Mem8GB.sh,22CPU05Mem2GB.sh,23CPU05Mem4GB.sh,23CPU05Mem4GB.sh,29CPU4Mem8GB.sh,26CPU2Mem4GB.sh,27CPU2Mem8GB.sh,24CPU1Mem4GB.sh,23CPU05Mem4GB.sh,23CPU05Mem4GB.sh,29CPU4Mem8GB.sh,24CPU1Mem4GB.sh,26CPU2Mem4GB.sh,27CPU2Mem8GB.sh,24CPU1Mem4GB.sh,29CPU4Mem8GB.sh,24CPU1Mem4GB.sh,01noThrottling.sh,24CPU1Mem4GB.sh,25CPU1Mem8GB.sh,25CPU1Mem8GB.sh,25CPU1Mem8GB.sh,24CPU1Mem4GB.sh,27CPU2Mem8GB.sh,01noThrottling.sh
timely.netty.http.HttpRequestDecoderTest,testVersionGet,27CPU2Mem8GB.sh,26CPU2Mem4GB.sh,28CPU2Mem16GB.sh,25CPU1Mem8GB.sh,24CPU1Mem4GB.sh,20CPU010Mem2GB.sh,25CPU1Mem8GB.sh,27CPU2Mem8GB.sh,25CPU1Mem8GB.sh,27CPU2Mem8GB.sh,26CPU2Mem4GB.sh,01noThrottling.sh,27CPU2Mem8GB.sh,29CPU4Mem8GB.sh,25CPU1Mem8GB.sh,27CPU2Mem8GB.sh,20CPU010Mem2GB.sh,27CPU2Mem8GB.sh,26CPU2Mem4GB.sh,24CPU1Mem4GB.sh,26CPU2Mem4GB.sh,28CPU2Mem16GB.sh,28CPU2Mem16GB.sh,25CPU1Mem8GB.sh,27CPU2Mem8GB.sh,29CPU4Mem8GB.sh,29CPU4Mem8GB.sh,27CPU2Mem8GB.sh,27CPU2Mem8GB.sh,28CPU2Mem16GB.sh,26CPU2Mem4GB.sh
timely.netty.http.HttpRequestDecoderTest,testLookupURIWithWithSession,28CPU2Mem16GB.sh,26CPU2Mem4GB.sh,25CPU1Mem8GB.sh,24CPU1Mem4GB.sh,23CPU05Mem4GB.sh,27CPU2Mem8GB.sh,29CPU4Mem8GB.sh,23CPU05Mem4GB.sh,24CPU1Mem4GB.sh,27CPU2Mem8GB.sh,23CPU05Mem4GB.sh,24CPU1Mem4GB.sh,29CPU4Mem8GB.sh,27CPU2Mem8GB.sh,25CPU1Mem8GB.sh,27CPU2Mem8GB.sh,26CPU2Mem4GB.sh,22CPU05Mem2GB.sh,28CPU2Mem16GB.sh,26CPU2Mem4GB.sh,25CPU1Mem8GB.sh,26CPU2Mem4GB.sh,26CPU2Mem4GB.sh,28CPU2Mem16GB.sh,27CPU2Mem8GB.sh,25CPU1Mem8GB.sh,01noThrottling.sh,27CPU2Mem8GB.sh,01noThrottling.sh,25CPU1Mem8GB.sh,25CPU1Mem8GB.sh
timely.netty.http.HttpRequestDecoderTest,testLookupPostWithNoArgs,25CPU1Mem8GB.sh,24CPU1Mem4GB.sh,28CPU2Mem16GB.sh,28CPU2Mem16GB.sh,24CPU1Mem4GB.sh,25CPU1Mem8GB.sh,25CPU1Mem8GB.sh,29CPU4Mem8GB.sh,28CPU2Mem16GB.sh,01noThrottling.sh,27CPU2Mem8GB.sh,19CPU010Mem1GB.sh,29CPU4Mem8GB.sh,29CPU4Mem8GB.sh,25CPU1Mem8GB.sh,01noThrottling.sh,28CPU2Mem16GB.sh,26CPU2Mem4GB.sh,24CPU1Mem4GB.sh,23CPU05Mem4GB.sh,27CPU2Mem8GB.sh,29CPU4Mem8GB.sh,01noThrottling.sh,28CPU2Mem16GB.sh,25CPU1Mem8GB.sh,01noThrottling.sh,27CPU2Mem8GB.sh,29CPU4Mem8GB.sh,01noThrottling.sh,29CPU4Mem8GB.sh,01noThrottling.sh
timely.netty.http.HttpRequestDecoderTest,testLookupURIWithLimitAndTags,25CPU1Mem8GB.sh,26CPU2Mem4GB.sh,29CPU4Mem8GB.sh,26CPU2Mem4GB.sh,24CPU1Mem4GB.sh,25CPU1Mem8GB.sh,29CPU4Mem8GB.sh,27CPU2Mem8GB.sh,26CPU2Mem4GB.sh,27CPU2Mem8GB.sh,28CPU2Mem16GB.sh,24CPU1Mem4GB.sh,27CPU2Mem8GB.sh,24CPU1Mem4GB.sh,28CPU2Mem16GB.sh,27CPU2Mem8GB.sh,25CPU1Mem8GB.sh,24CPU1Mem4GB.sh,26CPU2Mem4GB.sh,27CPU2Mem8GB.sh,29CPU4Mem8GB.sh,28CPU2Mem16GB.sh,24CPU1Mem4GB.sh,25CPU1Mem8GB.sh,26CPU2Mem4GB.sh,24CPU1Mem4GB.sh,28CPU2Mem16GB.sh,23CPU05Mem4GB.sh,29CPU4Mem8GB.sh,24CPU1Mem4GB.sh,29CPU4Mem8GB.sh
timely.netty.http.HttpRequestDecoderTest,testSuggestURIValidateWithInvalidTypeFails,27CPU2Mem8GB.sh,27CPU2Mem8GB.sh,24CPU1Mem4GB.sh,26CPU2Mem4GB.sh,25CPU1Mem8GB.sh,27CPU2Mem8GB.sh,24CPU1Mem4GB.sh,26CPU2Mem4GB.sh,27CPU2Mem8GB.sh,24CPU1Mem4GB.sh,23CPU05Mem4GB.sh,26CPU2Mem4GB.sh,25CPU1Mem8GB.sh,27CPU2Mem8GB.sh,25CPU1Mem8GB.sh,27CPU2Mem8GB.sh,19CPU010Mem1GB.sh,26CPU2Mem4GB.sh,28CPU2Mem16GB.sh,01noThrottling.sh,25CPU1Mem8GB.sh,20CPU010Mem2GB.sh,26CPU2Mem4GB.sh,29CPU4Mem8GB.sh,24CPU1Mem4GB.sh,27CPU2Mem8GB.sh,25CPU1Mem8GB.sh,27CPU2Mem8GB.sh,24CPU1Mem4GB.sh,23CPU05Mem4GB.sh,27CPU2Mem8GB.sh
timely.netty.http.HttpRequestDecoderTest,testAggregatorsURI,29CPU4Mem8GB.sh,24CPU1Mem4GB.sh,21CPU025Mem2GB.sh,28CPU2Mem16GB.sh,24CPU1Mem4GB.sh,28CPU2Mem16GB.sh,25CPU1Mem8GB.sh,25CPU1Mem8GB.sh,28CPU2Mem16GB.sh,24CPU1Mem4GB.sh,29CPU4Mem8GB.sh,24CPU1Mem4GB.sh,24CPU1Mem4GB.sh,01noThrottling.sh,25CPU1Mem8GB.sh,25CPU1Mem8GB.sh,26CPU2Mem4GB.sh,26CPU2Mem4GB.sh,25CPU1Mem8GB.sh,26CPU2Mem4GB.sh,26CPU2Mem4GB.sh,26CPU2Mem4GB.sh,27CPU2Mem8GB.sh,28CPU2Mem16GB.sh,22CPU05Mem2GB.sh,26CPU2Mem4GB.sh,27CPU2Mem8GB.sh,24CPU1Mem4GB.sh,01noThrottling.sh,28CPU2Mem16GB.sh,29CPU4Mem8GB.sh
timely.netty.http.HttpRequestDecoderTest,testLookupURIWithNoArgs,25CPU1Mem8GB.sh,29CPU4Mem8GB.sh,28CPU2Mem16GB.sh,26CPU2Mem4GB.sh,23CPU05Mem4GB.sh,26CPU2Mem4GB.sh,24CPU1Mem4GB.sh,27CPU2Mem8GB.sh,24CPU1Mem4GB.sh,01noThrottling.sh,28CPU2Mem16GB.sh,24CPU1Mem4GB.sh,24CPU1Mem4GB.sh,27CPU2Mem8GB.sh,01noThrottling.sh,27CPU2Mem8GB.sh,22CPU05Mem2GB.sh,24CPU1Mem4GB.sh,26CPU2Mem4GB.sh,24CPU1Mem4GB.sh,01noThrottling.sh,24CPU1Mem4GB.sh,24CPU1Mem4GB.sh,01noThrottling.sh,25CPU1Mem8GB.sh,27CPU2Mem8GB.sh,27CPU2Mem8GB.sh,23CPU05Mem4GB.sh,28CPU2Mem16GB.sh,01noThrottling.sh,01noThrottling.sh
timely.netty.http.HttpRequestDecoderTest,testSuggestWithValidTypeAndQueryAndMax,25CPU1Mem8GB.sh,25CPU1Mem8GB.sh,29CPU4Mem8GB.sh,27CPU2Mem8GB.sh,27CPU2Mem8GB.sh,27CPU2Mem8GB.sh,26CPU2Mem4GB.sh,29CPU4Mem8GB.sh,26CPU2Mem4GB.sh,28CPU2Mem16GB.sh,01noThrottling.sh,26CPU2Mem4GB.sh,27CPU2Mem8GB.sh,27CPU2Mem8GB.sh,24CPU1Mem4GB.sh,23CPU05Mem4GB.sh,01noThrottling.sh,24CPU1Mem4GB.sh,24CPU1Mem4GB.sh,27CPU2Mem8GB.sh,29CPU4Mem8GB.sh,29CPU4Mem8GB.sh,28CPU2Mem16GB.sh,28CPU2Mem16GB.sh,26CPU2Mem4GB.sh,26CPU2Mem4GB.sh,25CPU1Mem8GB.sh,27CPU2Mem8GB.sh,29CPU4Mem8GB.sh,26CPU2Mem4GB.sh,29CPU4Mem8GB.sh
timely.netty.http.HttpRequestDecoderTest,testQueryPostRateOption,25CPU1Mem8GB.sh,26CPU2Mem4GB.sh,24CPU1Mem4GB.sh,01noThrottling.sh,26CPU2Mem4GB.sh,01noThrottling.sh,29CPU4Mem8GB.sh,26CPU2Mem4GB.sh,26CPU2Mem4GB.sh,29CPU4Mem8GB.sh,28CPU2Mem16GB.sh,01noThrottling.sh,01noThrottling.sh,27CPU2Mem8GB.sh,01noThrottling.sh,29CPU4Mem8GB.sh,24CPU1Mem4GB.sh,27CPU2Mem8GB.sh,01noThrottling.sh,29CPU4Mem8GB.sh,27CPU2Mem8GB.sh,28CPU2Mem16GB.sh,01noThrottling.sh,23CPU05Mem4GB.sh,28CPU2Mem16GB.sh,01noThrottling.sh,25CPU1Mem8GB.sh,27CPU2Mem8GB.sh,29CPU4Mem8GB.sh,29CPU4Mem8GB.sh,01noThrottling.sh
timely.netty.http.HttpRequestDecoderTest,testLookupURIWithNoSession,25CPU1Mem8GB.sh,24CPU1Mem4GB.sh,28CPU2Mem16GB.sh,24CPU1Mem4GB.sh,24CPU1Mem4GB.sh,24CPU1Mem4GB.sh,25CPU1Mem8GB.sh,23CPU05Mem4GB.sh,01noThrottling.sh,21CPU025Mem2GB.sh,28CPU2Mem16GB.sh,28CPU2Mem16GB.sh,28CPU2Mem16GB.sh,27CPU2Mem8GB.sh,27CPU2Mem8GB.sh,01noThrottling.sh,01noThrottling.sh,24CPU1Mem4GB.sh,28CPU2Mem16GB.sh,24CPU1Mem4GB.sh,29CPU4Mem8GB.sh,29CPU4Mem8GB.sh,29CPU4Mem8GB.sh,27CPU2Mem8GB.sh,01noThrottling.sh,25CPU1Mem8GB.sh,27CPU2Mem8GB.sh,24CPU1Mem4GB.sh,27CPU2Mem8GB.sh,29CPU4Mem8GB.sh,01noThrottling.sh
timely.netty.http.HttpRequestDecoderTest,testLookupPostWithLimit,29CPU4Mem8GB.sh,26CPU2Mem4GB.sh,25CPU1Mem8GB.sh,27CPU2Mem8GB.sh,27CPU2Mem8GB.sh,01noThrottling.sh,23CPU05Mem4GB.sh,26CPU2Mem4GB.sh,27CPU2Mem8GB.sh,27CPU2Mem8GB.sh,27CPU2Mem8GB.sh,25CPU1Mem8GB.sh,25CPU1Mem8GB.sh,23CPU05Mem4GB.sh,29CPU4Mem8GB.sh,25CPU1Mem8GB.sh,25CPU1Mem8GB.sh,26CPU2Mem4GB.sh,28CPU2Mem16GB.sh,27CPU2Mem8GB.sh,27CPU2Mem8GB.sh,29CPU4Mem8GB.sh,01noThrottling.sh,24CPU1Mem4GB.sh,25CPU1Mem8GB.sh,25CPU1Mem8GB.sh,01noThrottling.sh,22CPU05Mem2GB.sh,29CPU4Mem8GB.sh,27CPU2Mem8GB.sh,01noThrottling.sh
timely.netty.http.HttpRequestDecoderTest,testAggregatorsPostAnonAccess,25CPU1Mem8GB.sh,24CPU1Mem4GB.sh,28CPU2Mem16GB.sh,26CPU2Mem4GB.sh,25CPU1Mem8GB.sh,26CPU2Mem4GB.sh,24CPU1Mem4GB.sh,27CPU2Mem8GB.sh,26CPU2Mem4GB.sh,23CPU05Mem4GB.sh,27CPU2Mem8GB.sh,28CPU2Mem16GB.sh,24CPU1Mem4GB.sh,28CPU2Mem16GB.sh,25CPU1Mem8GB.sh,27CPU2Mem8GB.sh,28CPU2Mem16GB.sh,01noThrottling.sh,23CPU05Mem4GB.sh,26CPU2Mem4GB.sh,26CPU2Mem4GB.sh,26CPU2Mem4GB.sh,24CPU1Mem4GB.sh,26CPU2Mem4GB.sh,26CPU2Mem4GB.sh,29CPU4Mem8GB.sh,25CPU1Mem8GB.sh,29CPU4Mem8GB.sh,28CPU2Mem16GB.sh,20CPU010Mem2GB.sh,29CPU4Mem8GB.sh
timely.netty.http.HttpRequestDecoderTest,testQueryURIAllWithSession,25CPU1Mem8GB.sh,26CPU2Mem4GB.sh,28CPU2Mem16GB.sh,24CPU1Mem4GB.sh,24CPU1Mem4GB.sh,25CPU1Mem8GB.sh,25CPU1Mem8GB.sh,24CPU1Mem4GB.sh,27CPU2Mem8GB.sh,29CPU4Mem8GB.sh,27CPU2Mem8GB.sh,24CPU1Mem4GB.sh,27CPU2Mem8GB.sh,24CPU1Mem4GB.sh,27CPU2Mem8GB.sh,28CPU2Mem16GB.sh,25CPU1Mem8GB.sh,27CPU2Mem8GB.sh,25CPU1Mem8GB.sh,27CPU2Mem8GB.sh,26CPU2Mem4GB.sh,29CPU4Mem8GB.sh,26CPU2Mem4GB.sh,25CPU1Mem8GB.sh,25CPU1Mem8GB.sh,27CPU2Mem8GB.sh,24CPU1Mem4GB.sh,27CPU2Mem8GB.sh,26CPU2Mem4GB.sh,24CPU1Mem4GB.sh,29CPU4Mem8GB.sh
timely.netty.http.HttpRequestDecoderTest,testQueryURIAllAnonAccess,29CPU4Mem8GB.sh,25CPU1Mem8GB.sh,24CPU1Mem4GB.sh,23CPU05Mem4GB.sh,26CPU2Mem4GB.sh,24CPU1Mem4GB.sh,27CPU2Mem8GB.sh,26CPU2Mem4GB.sh,28CPU2Mem16GB.sh,26CPU2Mem4GB.sh,27CPU2Mem8GB.sh,26CPU2Mem4GB.sh,27CPU2Mem8GB.sh,27CPU2Mem8GB.sh,26CPU2Mem4GB.sh,25CPU1Mem8GB.sh,27CPU2Mem8GB.sh,24CPU1Mem4GB.sh,26CPU2Mem4GB.sh,26CPU2Mem4GB.sh,25CPU1Mem8GB.sh,28CPU2Mem16GB.sh,27CPU2Mem8GB.sh,28CPU2Mem16GB.sh,26CPU2Mem4GB.sh,26CPU2Mem4GB.sh,01noThrottling.sh,26CPU2Mem4GB.sh,25CPU1Mem8GB.sh,29CPU4Mem8GB.sh,26CPU2Mem4GB.sh
timely.netty.http.HttpRequestDecoderTest,testSuggestPostWithValidType,22CPU05Mem2GB.sh,24CPU1Mem4GB.sh,28CPU2Mem16GB.sh,26CPU2Mem4GB.sh,24CPU1Mem4GB.sh,25CPU1Mem8GB.sh,24CPU1Mem4GB.sh,25CPU1Mem8GB.sh,26CPU2Mem4GB.sh,27CPU2Mem8GB.sh,28CPU2Mem16GB.sh,28CPU2Mem16GB.sh,29CPU4Mem8GB.sh,24CPU1Mem4GB.sh,27CPU2Mem8GB.sh,29CPU4Mem8GB.sh,24CPU1Mem4GB.sh,26CPU2Mem4GB.sh,24CPU1Mem4GB.sh,24CPU1Mem4GB.sh,24CPU1Mem4GB.sh,27CPU2Mem8GB.sh,24CPU1Mem4GB.sh,23CPU05Mem4GB.sh,01noThrottling.sh,29CPU4Mem8GB.sh,25CPU1Mem8GB.sh,29CPU4Mem8GB.sh,24CPU1Mem4GB.sh,01noThrottling.sh,01noThrottling.sh
timely.netty.http.HttpRequestDecoderTest,testQueryWithNoSession,29CPU4Mem8GB.sh,29CPU4Mem8GB.sh,25CPU1Mem8GB.sh,29CPU4Mem8GB.sh,22CPU05Mem2GB.sh,01noThrottling.sh,27CPU2Mem8GB.sh,24CPU1Mem4GB.sh,23CPU05Mem4GB.sh,24CPU1Mem4GB.sh,24CPU1Mem4GB.sh,24CPU1Mem4GB.sh,25CPU1Mem8GB.sh,28CPU2Mem16GB.sh,29CPU4Mem8GB.sh,24CPU1Mem4GB.sh,01noThrottling.sh,28CPU2Mem16GB.sh,29CPU4Mem8GB.sh,26CPU2Mem4GB.sh,26CPU2Mem4GB.sh,26CPU2Mem4GB.sh,26CPU2Mem4GB.sh,26CPU2Mem4GB.sh,24CPU1Mem4GB.sh,24CPU1Mem4GB.sh,01noThrottling.sh,26CPU2Mem4GB.sh,01noThrottling.sh,20CPU010Mem2GB.sh,01noThrottling.sh
timely.netty.http.HttpRequestDecoderTest,testAggregatorsPostNoSession,27CPU2Mem8GB.sh,24CPU1Mem4GB.sh,25CPU1Mem8GB.sh,24CPU1Mem4GB.sh,24CPU1Mem4GB.sh,27CPU2Mem8GB.sh,24CPU1Mem4GB.sh,22CPU05Mem2GB.sh,29CPU4Mem8GB.sh,26CPU2Mem4GB.sh,27CPU2Mem8GB.sh,25CPU1Mem8GB.sh,27CPU2Mem8GB.sh,24CPU1Mem4GB.sh,27CPU2Mem8GB.sh,26CPU2Mem4GB.sh,25CPU1Mem8GB.sh,24CPU1Mem4GB.sh,28CPU2Mem16GB.sh,24CPU1Mem4GB.sh,25CPU1Mem8GB.sh,27CPU2Mem8GB.sh,24CPU1Mem4GB.sh,19CPU010Mem1GB.sh,27CPU2Mem8GB.sh,24CPU1Mem4GB.sh,22CPU05Mem2GB.sh,27CPU2Mem8GB.sh,25CPU1Mem8GB.sh,24CPU1Mem4GB.sh,01noThrottling.sh
timely.netty.http.HttpRequestDecoderTest,testVersionPost,25CPU1Mem8GB.sh,26CPU2Mem4GB.sh,27CPU2Mem8GB.sh,26CPU2Mem4GB.sh,27CPU2Mem8GB.sh,24CPU1Mem4GB.sh,27CPU2Mem8GB.sh,25CPU1Mem8GB.sh,26CPU2Mem4GB.sh,01noThrottling.sh,28CPU2Mem16GB.sh,26CPU2Mem4GB.sh,27CPU2Mem8GB.sh,27CPU2Mem8GB.sh,29CPU4Mem8GB.sh,28CPU2Mem16GB.sh,23CPU05Mem4GB.sh,24CPU1Mem4GB.sh,01noThrottling.sh,26CPU2Mem4GB.sh,22CPU05Mem2GB.sh,29CPU4Mem8GB.sh,27CPU2Mem8GB.sh,24CPU1Mem4GB.sh,26CPU2Mem4GB.sh,01noThrottling.sh,23CPU05Mem4GB.sh,01noThrottling.sh,24CPU1Mem4GB.sh,23CPU05Mem4GB.sh,01noThrottling.sh
timely.netty.http.HttpRequestDecoderTest,testLookupURIWithLimit,27CPU2Mem8GB.sh,24CPU1Mem4GB.sh,01noThrottling.sh,24CPU1Mem4GB.sh,24CPU1Mem4GB.sh,27CPU2Mem8GB.sh,01noThrottling.sh,25CPU1Mem8GB.sh,26CPU2Mem4GB.sh,27CPU2Mem8GB.sh,21CPU025Mem2GB.sh,24CPU1Mem4GB.sh,29CPU4Mem8GB.sh,29CPU4Mem8GB.sh,25CPU1Mem8GB.sh,27CPU2Mem8GB.sh,29CPU4Mem8GB.sh,26CPU2Mem4GB.sh,27CPU2Mem8GB.sh,24CPU1Mem4GB.sh,24CPU1Mem4GB.sh,26CPU2Mem4GB.sh,24CPU1Mem4GB.sh,25CPU1Mem8GB.sh,25CPU1Mem8GB.sh,27CPU2Mem8GB.sh,27CPU2Mem8GB.sh,29CPU4Mem8GB.sh,27CPU2Mem8GB.sh,22CPU05Mem2GB.sh,29CPU4Mem8GB.sh
timely.netty.http.HttpRequestDecoderTest,testPutMetricPost,29CPU4Mem8GB.sh,01noThrottling.sh,01noThrottling.sh,29CPU4Mem8GB.sh,29CPU4Mem8GB.sh,01noThrottling.sh,01noThrottling.sh,29CPU4Mem8GB.sh,29CPU4Mem8GB.sh,01noThrottling.sh,01noThrottling.sh,26CPU2Mem4GB.sh,27CPU2Mem8GB.sh,29CPU4Mem8GB.sh,29CPU4Mem8GB.sh,29CPU4Mem8GB.sh,01noThrottling.sh,01noThrottling.sh,01noThrottling.sh,01noThrottling.sh,26CPU2Mem4GB.sh,29CPU4Mem8GB.sh,01noThrottling.sh,29CPU4Mem8GB.sh,01noThrottling.sh,29CPU4Mem8GB.sh,29CPU4Mem8GB.sh,29CPU4Mem8GB.sh,29CPU4Mem8GB.sh,01noThrottling.sh,29CPU4Mem8GB.sh
timely.netty.http.HttpRequestDecoderTest,testUnknownURI,29CPU4Mem8GB.sh,26CPU2Mem4GB.sh,28CPU2Mem16GB.sh,29CPU4Mem8GB.sh,28CPU2Mem16GB.sh,28CPU2Mem16GB.sh,01noThrottling.sh,26CPU2Mem4GB.sh,24CPU1Mem4GB.sh,25CPU1Mem8GB.sh,27CPU2Mem8GB.sh,29CPU4Mem8GB.sh,27CPU2Mem8GB.sh,27CPU2Mem8GB.sh,28CPU2Mem16GB.sh,28CPU2Mem16GB.sh,28CPU2Mem16GB.sh,01noThrottling.sh,28CPU2Mem16GB.sh,28CPU2Mem16GB.sh,24CPU1Mem4GB.sh,29CPU4Mem8GB.sh,01noThrottling.sh,22CPU05Mem2GB.sh,01noThrottling.sh,27CPU2Mem8GB.sh,26CPU2Mem4GB.sh,25CPU1Mem8GB.sh,25CPU1Mem8GB.sh,29CPU4Mem8GB.sh,29CPU4Mem8GB.sh
timely.netty.http.HttpRequestDecoderTest,testAggregatorsURINoSession,27CPU2Mem8GB.sh,26CPU2Mem4GB.sh,24CPU1Mem4GB.sh,27CPU2Mem8GB.sh,24CPU1Mem4GB.sh,27CPU2Mem8GB.sh,27CPU2Mem8GB.sh,27CPU2Mem8GB.sh,01noThrottling.sh,27CPU2Mem8GB.sh,01noThrottling.sh,26CPU2Mem4GB.sh,25CPU1Mem8GB.sh,01noThrottling.sh,27CPU2Mem8GB.sh,27CPU2Mem8GB.sh,21CPU025Mem2GB.sh,26CPU2Mem4GB.sh,25CPU1Mem8GB.sh,27CPU2Mem8GB.sh,28CPU2Mem16GB.sh,24CPU1Mem4GB.sh,27CPU2Mem8GB.sh,25CPU1Mem8GB.sh,01noThrottling.sh,25CPU1Mem8GB.sh,29CPU4Mem8GB.sh,29CPU4Mem8GB.sh,24CPU1Mem4GB.sh,27CPU2Mem8GB.sh,27CPU2Mem8GB.sh
timely.netty.http.HttpRequestDecoderTest,testSuggestPostWithValidTypeAndQueryAndMax,29CPU4Mem8GB.sh,28CPU2Mem16GB.sh,28CPU2Mem16GB.sh,28CPU2Mem16GB.sh,29CPU4Mem8GB.sh,26CPU2Mem4GB.sh,24CPU1Mem4GB.sh,22CPU05Mem2GB.sh,28CPU2Mem16GB.sh,01noThrottling.sh,24CPU1Mem4GB.sh,25CPU1Mem8GB.sh,26CPU2Mem4GB.sh,22CPU05Mem2GB.sh,26CPU2Mem4GB.sh,27CPU2Mem8GB.sh,26CPU2Mem4GB.sh,27CPU2Mem8GB.sh,26CPU2Mem4GB.sh,28CPU2Mem16GB.sh,25CPU1Mem8GB.sh,28CPU2Mem16GB.sh,24CPU1Mem4GB.sh,24CPU1Mem4GB.sh,22CPU05Mem2GB.sh,28CPU2Mem16GB.sh,27CPU2Mem8GB.sh,27CPU2Mem8GB.sh,24CPU1Mem4GB.sh,28CPU2Mem16GB.sh,29CPU4Mem8GB.sh
timely.netty.http.HttpRequestDecoderTest,testAggregatorsURIWithAnonAccess,27CPU2Mem8GB.sh,24CPU1Mem4GB.sh,25CPU1Mem8GB.sh,24CPU1Mem4GB.sh,24CPU1Mem4GB.sh,01noThrottling.sh,26CPU2Mem4GB.sh,28CPU2Mem16GB.sh,24CPU1Mem4GB.sh,24CPU1Mem4GB.sh,26CPU2Mem4GB.sh,19CPU010Mem1GB.sh,27CPU2Mem8GB.sh,26CPU2Mem4GB.sh,28CPU2Mem16GB.sh,25CPU1Mem8GB.sh,01noThrottling.sh,24CPU1Mem4GB.sh,28CPU2Mem16GB.sh,26CPU2Mem4GB.sh,27CPU2Mem8GB.sh,26CPU2Mem4GB.sh,01noThrottling.sh,29CPU4Mem8GB.sh,27CPU2Mem8GB.sh,27CPU2Mem8GB.sh,24CPU1Mem4GB.sh,26CPU2Mem4GB.sh,27CPU2Mem8GB.sh,29CPU4Mem8GB.sh,01noThrottling.sh
timely.netty.http.HttpRequestDecoderTest,testAggregatorsPost,25CPU1Mem8GB.sh,25CPU1Mem8GB.sh,01noThrottling.sh,29CPU4Mem8GB.sh,24CPU1Mem4GB.sh,25CPU1Mem8GB.sh,28CPU2Mem16GB.sh,26CPU2Mem4GB.sh,25CPU1Mem8GB.sh,26CPU2Mem4GB.sh,27CPU2Mem8GB.sh,26CPU2Mem4GB.sh,26CPU2Mem4GB.sh,27CPU2Mem8GB.sh,25CPU1Mem8GB.sh,24CPU1Mem4GB.sh,29CPU4Mem8GB.sh,26CPU2Mem4GB.sh,01noThrottling.sh,29CPU4Mem8GB.sh,27CPU2Mem8GB.sh,29CPU4Mem8GB.sh,26CPU2Mem4GB.sh,28CPU2Mem16GB.sh,24CPU1Mem4GB.sh,27CPU2Mem8GB.sh,29CPU4Mem8GB.sh,29CPU4Mem8GB.sh,24CPU1Mem4GB.sh,27CPU2Mem8GB.sh,26CPU2Mem4GB.sh
timely.netty.http.HttpRequestDecoderTest,testSuggestURIWithValidType,27CPU2Mem8GB.sh,29CPU4Mem8GB.sh,27CPU2Mem8GB.sh,26CPU2Mem4GB.sh,27CPU2Mem8GB.sh,22CPU05Mem2GB.sh,24CPU1Mem4GB.sh,01noThrottling.sh,22CPU05Mem2GB.sh,29CPU4Mem8GB.sh,29CPU4Mem8GB.sh,01noThrottling.sh,26CPU2Mem4GB.sh,24CPU1Mem4GB.sh,27CPU2Mem8GB.sh,27CPU2Mem8GB.sh,29CPU4Mem8GB.sh,27CPU2Mem8GB.sh,26CPU2Mem4GB.sh,29CPU4Mem8GB.sh,26CPU2Mem4GB.sh,24CPU1Mem4GB.sh,26CPU2Mem4GB.sh,27CPU2Mem8GB.sh,26CPU2Mem4GB.sh,29CPU4Mem8GB.sh,27CPU2Mem8GB.sh,20CPU010Mem2GB.sh,27CPU2Mem8GB.sh,24CPU1Mem4GB.sh,29CPU4Mem8GB.sh
timely.netty.http.HttpRequestDecoderTest,testSuggestURIWithInvalidTypeAnonAccess,26CPU2Mem4GB.sh,27CPU2Mem8GB.sh,29CPU4Mem8GB.sh,23CPU05Mem4GB.sh,24CPU1Mem4GB.sh,24CPU1Mem4GB.sh,25CPU1Mem8GB.sh,28CPU2Mem16GB.sh,26CPU2Mem4GB.sh,27CPU2Mem8GB.sh,27CPU2Mem8GB.sh,26CPU2Mem4GB.sh,28CPU2Mem16GB.sh,26CPU2Mem4GB.sh,26CPU2Mem4GB.sh,27CPU2Mem8GB.sh,26CPU2Mem4GB.sh,26CPU2Mem4GB.sh,28CPU2Mem16GB.sh,26CPU2Mem4GB.sh,25CPU1Mem8GB.sh,26CPU2Mem4GB.sh,24CPU1Mem4GB.sh,26CPU2Mem4GB.sh,26CPU2Mem4GB.sh,24CPU1Mem4GB.sh,28CPU2Mem16GB.sh,26CPU2Mem4GB.sh,22CPU05Mem2GB.sh,01noThrottling.sh,26CPU2Mem4GB.sh
timely.netty.http.HttpRequestDecoderTest,testQueryEmptyTags,27CPU2Mem8GB.sh,25CPU1Mem8GB.sh,01noThrottling.sh,29CPU4Mem8GB.sh,25CPU1Mem8GB.sh,01noThrottling.sh,26CPU2Mem4GB.sh,25CPU1Mem8GB.sh,01noThrottling.sh,23CPU05Mem4GB.sh,01noThrottling.sh,27CPU2Mem8GB.sh,27CPU2Mem8GB.sh,29CPU4Mem8GB.sh,26CPU2Mem4GB.sh,24CPU1Mem4GB.sh,01noThrottling.sh,26CPU2Mem4GB.sh,01noThrottling.sh,27CPU2Mem8GB.sh,27CPU2Mem8GB.sh,25CPU1Mem8GB.sh,28CPU2Mem16GB.sh,27CPU2Mem8GB.sh,28CPU2Mem16GB.sh,27CPU2Mem8GB.sh,29CPU4Mem8GB.sh,29CPU4Mem8GB.sh,24CPU1Mem4GB.sh,27CPU2Mem8GB.sh,29CPU4Mem8GB.sh
timely.netty.http.HttpRequestDecoderTest,testLookupPostWithNoLimit,29CPU4Mem8GB.sh,22CPU05Mem2GB.sh,29CPU4Mem8GB.sh,27CPU2Mem8GB.sh,27CPU2Mem8GB.sh,29CPU4Mem8GB.sh,27CPU2Mem8GB.sh,28CPU2Mem16GB.sh,26CPU2Mem4GB.sh,22CPU05Mem2GB.sh,28CPU2Mem16GB.sh,25CPU1Mem8GB.sh,01noThrottling.sh,01noThrottling.sh,28CPU2Mem16GB.sh,27CPU2Mem8GB.sh,29CPU4Mem8GB.sh,28CPU2Mem16GB.sh,24CPU1Mem4GB.sh,26CPU2Mem4GB.sh,25CPU1Mem8GB.sh,26CPU2Mem4GB.sh,22CPU05Mem2GB.sh,29CPU4Mem8GB.sh,26CPU2Mem4GB.sh,24CPU1Mem4GB.sh,28CPU2Mem16GB.sh,26CPU2Mem4GB.sh,28CPU2Mem16GB.sh,28CPU2Mem16GB.sh,29CPU4Mem8GB.sh
timely.netty.http.HttpRequestDecoderTest,testQueryPostGlobalAnnotations,25CPU1Mem8GB.sh,24CPU1Mem4GB.sh,27CPU2Mem8GB.sh,29CPU4Mem8GB.sh,23CPU05Mem4GB.sh,28CPU2Mem16GB.sh,27CPU2Mem8GB.sh,26CPU2Mem4GB.sh,27CPU2Mem8GB.sh,23CPU05Mem4GB.sh,01noThrottling.sh,29CPU4Mem8GB.sh,29CPU4Mem8GB.sh,27CPU2Mem8GB.sh,24CPU1Mem4GB.sh,24CPU1Mem4GB.sh,28CPU2Mem16GB.sh,26CPU2Mem4GB.sh,01noThrottling.sh,27CPU2Mem8GB.sh,27CPU2Mem8GB.sh,29CPU4Mem8GB.sh,28CPU2Mem16GB.sh,24CPU1Mem4GB.sh,28CPU2Mem16GB.sh,27CPU2Mem8GB.sh,26CPU2Mem4GB.sh,29CPU4Mem8GB.sh,24CPU1Mem4GB.sh,27CPU2Mem8GB.sh,27CPU2Mem8GB.sh
timely.netty.http.HttpRequestDecoderTest,testSuggestURIWithValidTypeNoSession,27CPU2Mem8GB.sh,26CPU2Mem4GB.sh,28CPU2Mem16GB.sh,26CPU2Mem4GB.sh,27CPU2Mem8GB.sh,26CPU2Mem4GB.sh,28CPU2Mem16GB.sh,27CPU2Mem8GB.sh,26CPU2Mem4GB.sh,20CPU010Mem2GB.sh,28CPU2Mem16GB.sh,26CPU2Mem4GB.sh,24CPU1Mem4GB.sh,22CPU05Mem2GB.sh,21CPU025Mem2GB.sh,27CPU2Mem8GB.sh,24CPU1Mem4GB.sh,27CPU2Mem8GB.sh,26CPU2Mem4GB.sh,24CPU1Mem4GB.sh,27CPU2Mem8GB.sh,22CPU05Mem2GB.sh,26CPU2Mem4GB.sh,28CPU2Mem16GB.sh,28CPU2Mem16GB.sh,26CPU2Mem4GB.sh,27CPU2Mem8GB.sh,24CPU1Mem4GB.sh,24CPU1Mem4GB.sh,22CPU05Mem2GB.sh,27CPU2Mem8GB.sh
timely.netty.http.HttpRequestDecoderTest,testSuggestPostWithValidTypeAndQuery,25CPU1Mem8GB.sh,25CPU1Mem8GB.sh,28CPU2Mem16GB.sh,25CPU1Mem8GB.sh,28CPU2Mem16GB.sh,25CPU1Mem8GB.sh,25CPU1Mem8GB.sh,26CPU2Mem4GB.sh,26CPU2Mem4GB.sh,28CPU2Mem16GB.sh,25CPU1Mem8GB.sh,01noThrottling.sh,24CPU1Mem4GB.sh,01noThrottling.sh,01noThrottling.sh,25CPU1Mem8GB.sh,01noThrottling.sh,27CPU2Mem8GB.sh,25CPU1Mem8GB.sh,24CPU1Mem4GB.sh,29CPU4Mem8GB.sh,26CPU2Mem4GB.sh,24CPU1Mem4GB.sh,01noThrottling.sh,26CPU2Mem4GB.sh,19CPU010Mem1GB.sh,29CPU4Mem8GB.sh,20CPU010Mem2GB.sh,01noThrottling.sh,25CPU1Mem8GB.sh,26CPU2Mem4GB.sh
timely.netty.http.HttpRequestDecoderTest,testQueryPostAll,27CPU2Mem8GB.sh,28CPU2Mem16GB.sh,26CPU2Mem4GB.sh,27CPU2Mem8GB.sh,23CPU05Mem4GB.sh,27CPU2Mem8GB.sh,28CPU2Mem16GB.sh,01noThrottling.sh,26CPU2Mem4GB.sh,20CPU010Mem2GB.sh,24CPU1Mem4GB.sh,27CPU2Mem8GB.sh,01noThrottling.sh,29CPU4Mem8GB.sh,28CPU2Mem16GB.sh,27CPU2Mem8GB.sh,29CPU4Mem8GB.sh,26CPU2Mem4GB.sh,27CPU2Mem8GB.sh,26CPU2Mem4GB.sh,26CPU2Mem4GB.sh,24CPU1Mem4GB.sh,01noThrottling.sh,01noThrottling.sh,27CPU2Mem8GB.sh,29CPU4Mem8GB.sh,01noThrottling.sh,24CPU1Mem4GB.sh,27CPU2Mem8GB.sh,24CPU1Mem4GB.sh,01noThrottling.sh
timely.netty.http.HttpRequestDecoderTest,testLookupPostWithLimitAndTags,26CPU2Mem4GB.sh,24CPU1Mem4GB.sh,28CPU2Mem16GB.sh,29CPU4Mem8GB.sh,23CPU05Mem4GB.sh,01noThrottling.sh,26CPU2Mem4GB.sh,25CPU1Mem8GB.sh,28CPU2Mem16GB.sh,25CPU1Mem8GB.sh,25CPU1Mem8GB.sh,26CPU2Mem4GB.sh,26CPU2Mem4GB.sh,28CPU2Mem16GB.sh,25CPU1Mem8GB.sh,25CPU1Mem8GB.sh,01noThrottling.sh,26CPU2Mem4GB.sh,27CPU2Mem8GB.sh,25CPU1Mem8GB.sh,27CPU2Mem8GB.sh,25CPU1Mem8GB.sh,28CPU2Mem16GB.sh,29CPU4Mem8GB.sh,28CPU2Mem16GB.sh,27CPU2Mem8GB.sh,26CPU2Mem4GB.sh,23CPU05Mem4GB.sh,29CPU4Mem8GB.sh,29CPU4Mem8GB.sh,28CPU2Mem16GB.sh
timely.api.response.timeseries.MetricsResponseTest,testGenerateHtml,25CPU1Mem8GB.sh,28CPU2Mem16GB.sh,24CPU1Mem4GB.sh,29CPU4Mem8GB.sh,25CPU1Mem8GB.sh,01noThrottling.sh,29CPU4Mem8GB.sh,29CPU4Mem8GB.sh,26CPU2Mem4GB.sh,01noThrottling.sh,26CPU2Mem4GB.sh,01noThrottling.sh,29CPU4Mem8GB.sh,28CPU2Mem16GB.sh,28CPU2Mem16GB.sh,29CPU4Mem8GB.sh,29CPU4Mem8GB.sh,01noThrottling.sh,25CPU1Mem8GB.sh,01noThrottling.sh,26CPU2Mem4GB.sh,25CPU1Mem8GB.sh,01noThrottling.sh,26CPU2Mem4GB.sh,01noThrottling.sh,29CPU4Mem8GB.sh,29CPU4Mem8GB.sh,29CPU4Mem8GB.sh,24CPU1Mem4GB.sh,29CPU4Mem8GB.sh,01noThrottling.sh
timely.api.response.timeseries.MetricsResponseTest,testGenerateHtmlWithIgnoredTags,29CPU4Mem8GB.sh,25CPU1Mem8GB.sh,01noThrottling.sh,29CPU4Mem8GB.sh,01noThrottling.sh,01noThrottling.sh,01noThrottling.sh,29CPU4Mem8GB.sh,29CPU4Mem8GB.sh,01noThrottling.sh,27CPU2Mem8GB.sh,01noThrottling.sh,29CPU4Mem8GB.sh,29CPU4Mem8GB.sh,29CPU4Mem8GB.sh,29CPU4Mem8GB.sh,01noThrottling.sh,01noThrottling.sh,01noThrottling.sh,29CPU4Mem8GB.sh,01noThrottling.sh,29CPU4Mem8GB.sh,29CPU4Mem8GB.sh,29CPU4Mem8GB.sh,24CPU1Mem4GB.sh,01noThrottling.sh,29CPU4Mem8GB.sh,29CPU4Mem8GB.sh,29CPU4Mem8GB.sh,01noThrottling.sh,29CPU4Mem8GB.sh
timely.store.MetricAgeOffIteratorTest,testMixed,25CPU1Mem8GB.sh,25CPU1Mem8GB.sh,01noThrottling.sh,26CPU2Mem4GB.sh,28CPU2Mem16GB.sh,28CPU2Mem16GB.sh,27CPU2Mem8GB.sh,29CPU4Mem8GB.sh,27CPU2Mem8GB.sh,26CPU2Mem4GB.sh,25CPU1Mem8GB.sh,27CPU2Mem8GB.sh,24CPU1Mem4GB.sh,27CPU2Mem8GB.sh,01noThrottling.sh,24CPU1Mem4GB.sh,26CPU2Mem4GB.sh,28CPU2Mem16GB.sh,29CPU4Mem8GB.sh,27CPU2Mem8GB.sh,01noThrottling.sh,26CPU2Mem4GB.sh,28CPU2Mem16GB.sh,27CPU2Mem8GB.sh,28CPU2Mem16GB.sh,26CPU2Mem4GB.sh,27CPU2Mem8GB.sh,27CPU2Mem8GB.sh,24CPU1Mem4GB.sh,26CPU2Mem4GB.sh,26CPU2Mem4GB.sh
timely.store.MetricAgeOffIteratorTest,testAgeoffMixed,25CPU1Mem8GB.sh,01noThrottling.sh,26CPU2Mem4GB.sh,26CPU2Mem4GB.sh,28CPU2Mem16GB.sh,01noThrottling.sh,25CPU1Mem8GB.sh,23CPU05Mem4GB.sh,26CPU2Mem4GB.sh,01noThrottling.sh,22CPU05Mem2GB.sh,27CPU2Mem8GB.sh,29CPU4Mem8GB.sh,27CPU2Mem8GB.sh,28CPU2Mem16GB.sh,26CPU2Mem4GB.sh,26CPU2Mem4GB.sh,28CPU2Mem16GB.sh,22CPU05Mem2GB.sh,26CPU2Mem4GB.sh,29CPU4Mem8GB.sh,27CPU2Mem8GB.sh,28CPU2Mem16GB.sh,26CPU2Mem4GB.sh,26CPU2Mem4GB.sh,26CPU2Mem4GB.sh,27CPU2Mem8GB.sh,27CPU2Mem8GB.sh,29CPU4Mem8GB.sh,01noThrottling.sh,26CPU2Mem4GB.sh
timely.store.MetricAgeOffIteratorTest,testSeekPastEndKey,26CPU2Mem4GB.sh,23CPU05Mem4GB.sh,22CPU05Mem2GB.sh,28CPU2Mem16GB.sh,21CPU025Mem2GB.sh,22CPU05Mem2GB.sh,27CPU2Mem8GB.sh,23CPU05Mem4GB.sh,27CPU2Mem8GB.sh,22CPU05Mem2GB.sh,22CPU05Mem2GB.sh,27CPU2Mem8GB.sh,23CPU05Mem4GB.sh,28CPU2Mem16GB.sh,22CPU05Mem2GB.sh,24CPU1Mem4GB.sh,20CPU010Mem2GB.sh,28CPU2Mem16GB.sh,26CPU2Mem4GB.sh,24CPU1Mem4GB.sh,23CPU05Mem4GB.sh,25CPU1Mem8GB.sh,28CPU2Mem16GB.sh,26CPU2Mem4GB.sh,26CPU2Mem4GB.sh,22CPU05Mem2GB.sh,22CPU05Mem2GB.sh,19CPU010Mem1GB.sh,25CPU1Mem8GB.sh,29CPU4Mem8GB.sh,26CPU2Mem4GB.sh
timely.store.MetricAgeOffIteratorTest,testDefault,26CPU2Mem4GB.sh,20CPU010Mem2GB.sh,21CPU025Mem2GB.sh,19CPU010Mem1GB.sh,25CPU1Mem8GB.sh,24CPU1Mem4GB.sh,21CPU025Mem2GB.sh,23CPU05Mem4GB.sh,19CPU010Mem1GB.sh,19CPU010Mem1GB.sh,21CPU025Mem2GB.sh,21CPU025Mem2GB.sh,24CPU1Mem4GB.sh,22CPU05Mem2GB.sh,21CPU025Mem2GB.sh,20CPU010Mem2GB.sh,20CPU010Mem2GB.sh,22CPU05Mem2GB.sh,21CPU025Mem2GB.sh,20CPU010Mem2GB.sh,21CPU025Mem2GB.sh,21CPU025Mem2GB.sh,19CPU010Mem1GB.sh,21CPU025Mem2GB.sh,27CPU2Mem8GB.sh,20CPU010Mem2GB.sh,23CPU05Mem4GB.sh,20CPU010Mem2GB.sh,20CPU010Mem2GB.sh,21CPU025Mem2GB.sh,26CPU2Mem4GB.sh
timely.store.MetricAgeOffIteratorTest,testDefaultMissing,20CPU010Mem2GB.sh,24CPU1Mem4GB.sh,20CPU010Mem2GB.sh,28CPU2Mem16GB.sh,21CPU025Mem2GB.sh,21CPU025Mem2GB.sh,20CPU010Mem2GB.sh,20CPU010Mem2GB.sh,23CPU05Mem4GB.sh,21CPU025Mem2GB.sh,19CPU010Mem1GB.sh,22CPU05Mem2GB.sh,23CPU05Mem4GB.sh,19CPU010Mem1GB.sh,22CPU05Mem2GB.sh,24CPU1Mem4GB.sh,19CPU010Mem1GB.sh,20CPU010Mem2GB.sh,20CPU010Mem2GB.sh,21CPU025Mem2GB.sh,21CPU025Mem2GB.sh,23CPU05Mem4GB.sh,21CPU025Mem2GB.sh,26CPU2Mem4GB.sh,22CPU05Mem2GB.sh,27CPU2Mem8GB.sh,19CPU010Mem1GB.sh,23CPU05Mem4GB.sh,19CPU010Mem1GB.sh,19CPU010Mem1GB.sh,01noThrottling.sh
timely.util.MessageFormatTest,testNumberFormat,21CPU025Mem2GB.sh,19CPU010Mem1GB.sh,22CPU05Mem2GB.sh,19CPU010Mem1GB.sh,24CPU1Mem4GB.sh,20CPU010Mem2GB.sh,19CPU010Mem1GB.sh,20CPU010Mem2GB.sh,22CPU05Mem2GB.sh,22CPU05Mem2GB.sh,20CPU010Mem2GB.sh,20CPU010Mem2GB.sh,20CPU010Mem2GB.sh,20CPU010Mem2GB.sh,19CPU010Mem1GB.sh,28CPU2Mem16GB.sh,19CPU010Mem1GB.sh,22CPU05Mem2GB.sh,19CPU010Mem1GB.sh,20CPU010Mem2GB.sh,19CPU010Mem1GB.sh,19CPU010Mem1GB.sh,19CPU010Mem1GB.sh,20CPU010Mem2GB.sh,22CPU05Mem2GB.sh,21CPU025Mem2GB.sh,20CPU010Mem2GB.sh,22CPU05Mem2GB.sh,23CPU05Mem4GB.sh,19CPU010Mem1GB.sh,28CPU2Mem16GB.sh
timely.store.cache.TestWrappedGorillaCompressor,testSerialization,26CPU2Mem4GB.sh,26CPU2Mem4GB.sh,23CPU05Mem4GB.sh,29CPU4Mem8GB.sh,01noThrottling.sh,26CPU2Mem4GB.sh,01noThrottling.sh,29CPU4Mem8GB.sh,29CPU4Mem8GB.sh,01noThrottling.sh,01noThrottling.sh,26CPU2Mem4GB.sh,01noThrottling.sh,01noThrottling.sh,01noThrottling.sh,27CPU2Mem8GB.sh,01noThrottling.sh,29CPU4Mem8GB.sh,27CPU2Mem8GB.sh,29CPU4Mem8GB.sh,29CPU4Mem8GB.sh,01noThrottling.sh,28CPU2Mem16GB.sh,29CPU4Mem8GB.sh,26CPU2Mem4GB.sh,29CPU4Mem8GB.sh,29CPU4Mem8GB.sh,01noThrottling.sh,28CPU2Mem16GB.sh,29CPU4Mem8GB.sh,01noThrottling.sh
timely.store.cache.TestWrappedGorillaCompressor,testHDFSWrite,19CPU010Mem1GB.sh,19CPU010Mem1GB.sh,19CPU010Mem1GB.sh,19CPU010Mem1GB.sh,19CPU010Mem1GB.sh,19CPU010Mem1GB.sh,19CPU010Mem1GB.sh,19CPU010Mem1GB.sh,19CPU010Mem1GB.sh,19CPU010Mem1GB.sh,19CPU010Mem1GB.sh,19CPU010Mem1GB.sh,19CPU010Mem1GB.sh,19CPU010Mem1GB.sh,19CPU010Mem1GB.sh,19CPU010Mem1GB.sh,19CPU010Mem1GB.sh,19CPU010Mem1GB.sh,19CPU010Mem1GB.sh,19CPU010Mem1GB.sh,19CPU010Mem1GB.sh,19CPU010Mem1GB.sh,19CPU010Mem1GB.sh,19CPU010Mem1GB.sh,19CPU010Mem1GB.sh,19CPU010Mem1GB.sh,19CPU010Mem1GB.sh,19CPU010Mem1GB.sh,19CPU010Mem1GB.sh,19CPU010Mem1GB.sh,19CPU010Mem1GB.sh
timely.netty.tcp.TcpDecoderTest,testPutNoViz,26CPU2Mem4GB.sh,26CPU2Mem4GB.sh,28CPU2Mem16GB.sh,28CPU2Mem16GB.sh,28CPU2Mem16GB.sh,25CPU1Mem8GB.sh,26CPU2Mem4GB.sh,22CPU05Mem2GB.sh,28CPU2Mem16GB.sh,23CPU05Mem4GB.sh,28CPU2Mem16GB.sh,27CPU2Mem8GB.sh,23CPU05Mem4GB.sh,27CPU2Mem8GB.sh,27CPU2Mem8GB.sh,25CPU1Mem8GB.sh,23CPU05Mem4GB.sh,28CPU2Mem16GB.sh,27CPU2Mem8GB.sh,24CPU1Mem4GB.sh,23CPU05Mem4GB.sh,26CPU2Mem4GB.sh,26CPU2Mem4GB.sh,25CPU1Mem8GB.sh,27CPU2Mem8GB.sh,28CPU2Mem16GB.sh,28CPU2Mem16GB.sh,25CPU1Mem8GB.sh,25CPU1Mem8GB.sh,29CPU4Mem8GB.sh,28CPU2Mem16GB.sh
timely.netty.tcp.TcpDecoderTest,testUnknownOperation,23CPU05Mem4GB.sh,27CPU2Mem8GB.sh,28CPU2Mem16GB.sh,21CPU025Mem2GB.sh,26CPU2Mem4GB.sh,22CPU05Mem2GB.sh,22CPU05Mem2GB.sh,22CPU05Mem2GB.sh,26CPU2Mem4GB.sh,25CPU1Mem8GB.sh,23CPU05Mem4GB.sh,24CPU1Mem4GB.sh,22CPU05Mem2GB.sh,25CPU1Mem8GB.sh,24CPU1Mem4GB.sh,24CPU1Mem4GB.sh,23CPU05Mem4GB.sh,22CPU05Mem2GB.sh,29CPU4Mem8GB.sh,27CPU2Mem8GB.sh,22CPU05Mem2GB.sh,23CPU05Mem4GB.sh,24CPU1Mem4GB.sh,19CPU010Mem1GB.sh,24CPU1Mem4GB.sh,01noThrottling.sh,25CPU1Mem8GB.sh,23CPU05Mem4GB.sh,22CPU05Mem2GB.sh,28CPU2Mem16GB.sh,27CPU2Mem8GB.sh
timely.netty.tcp.TcpDecoderTest,testVersion,25CPU1Mem8GB.sh,19CPU010Mem1GB.sh,23CPU05Mem4GB.sh,22CPU05Mem2GB.sh,24CPU1Mem4GB.sh,25CPU1Mem8GB.sh,23CPU05Mem4GB.sh,23CPU05Mem4GB.sh,19CPU010Mem1GB.sh,27CPU2Mem8GB.sh,26CPU2Mem4GB.sh,22CPU05Mem2GB.sh,22CPU05Mem2GB.sh,28CPU2Mem16GB.sh,22CPU05Mem2GB.sh,23CPU05Mem4GB.sh,28CPU2Mem16GB.sh,26CPU2Mem4GB.sh,22CPU05Mem2GB.sh,23CPU05Mem4GB.sh,26CPU2Mem4GB.sh,19CPU010Mem1GB.sh,20CPU010Mem2GB.sh,28CPU2Mem16GB.sh,29CPU4Mem8GB.sh,23CPU05Mem4GB.sh,22CPU05Mem2GB.sh,28CPU2Mem16GB.sh,28CPU2Mem16GB.sh,29CPU4Mem8GB.sh,26CPU2Mem4GB.sh
timely.netty.tcp.TcpDecoderTest,testPutWithViz,25CPU1Mem8GB.sh,26CPU2Mem4GB.sh,25CPU1Mem8GB.sh,25CPU1Mem8GB.sh,23CPU05Mem4GB.sh,28CPU2Mem16GB.sh,01noThrottling.sh,20CPU010Mem2GB.sh,27CPU2Mem8GB.sh,01noThrottling.sh,23CPU05Mem4GB.sh,27CPU2Mem8GB.sh,24CPU1Mem4GB.sh,23CPU05Mem4GB.sh,29CPU4Mem8GB.sh,28CPU2Mem16GB.sh,23CPU05Mem4GB.sh,23CPU05Mem4GB.sh,23CPU05Mem4GB.sh,26CPU2Mem4GB.sh,24CPU1Mem4GB.sh,26CPU2Mem4GB.sh,26CPU2Mem4GB.sh,26CPU2Mem4GB.sh,24CPU1Mem4GB.sh,27CPU2Mem8GB.sh,28CPU2Mem16GB.sh,26CPU2Mem4GB.sh,24CPU1Mem4GB.sh,28CPU2Mem16GB.sh,26CPU2Mem4GB.sh
timely.store.iterators.RateIteratorTest,testRateWithTimeJitter,01noThrottling.sh,28CPU2Mem16GB.sh,01noThrottling.sh,01noThrottling.sh,01noThrottling.sh,01noThrottling.sh,28CPU2Mem16GB.sh,01noThrottling.sh,28CPU2Mem16GB.sh,01noThrottling.sh,01noThrottling.sh,28CPU2Mem16GB.sh,01noThrottling.sh,01noThrottling.sh,01noThrottling.sh,01noThrottling.sh,27CPU2Mem8GB.sh,28CPU2Mem16GB.sh,01noThrottling.sh,29CPU4Mem8GB.sh,29CPU4Mem8GB.sh,29CPU4Mem8GB.sh,01noThrottling.sh,27CPU2Mem8GB.sh,28CPU2Mem16GB.sh,01noThrottling.sh,01noThrottling.sh,01noThrottling.sh,01noThrottling.sh,01noThrottling.sh,01noThrottling.sh
timely.store.iterators.RateIteratorTest,testConstantTimeRate,29CPU4Mem8GB.sh,27CPU2Mem8GB.sh,27CPU2Mem8GB.sh,29CPU4Mem8GB.sh,29CPU4Mem8GB.sh,29CPU4Mem8GB.sh,01noThrottling.sh,29CPU4Mem8GB.sh,26CPU2Mem4GB.sh,01noThrottling.sh,01noThrottling.sh,01noThrottling.sh,29CPU4Mem8GB.sh,29CPU4Mem8GB.sh,29CPU4Mem8GB.sh,29CPU4Mem8GB.sh,01noThrottling.sh,29CPU4Mem8GB.sh,01noThrottling.sh,29CPU4Mem8GB.sh,26CPU2Mem4GB.sh,01noThrottling.sh,29CPU4Mem8GB.sh,29CPU4Mem8GB.sh,26CPU2Mem4GB.sh,01noThrottling.sh,01noThrottling.sh,01noThrottling.sh,29CPU4Mem8GB.sh,27CPU2Mem8GB.sh,01noThrottling.sh
timely.store.iterators.RateIteratorTest,testCounterRateWithReset,29CPU4Mem8GB.sh,01noThrottling.sh,01noThrottling.sh,01noThrottling.sh,01noThrottling.sh,29CPU4Mem8GB.sh,01noThrottling.sh,01noThrottling.sh,27CPU2Mem8GB.sh,01noThrottling.sh,01noThrottling.sh,29CPU4Mem8GB.sh,29CPU4Mem8GB.sh,01noThrottling.sh,26CPU2Mem4GB.sh,29CPU4Mem8GB.sh,26CPU2Mem4GB.sh,29CPU4Mem8GB.sh,29CPU4Mem8GB.sh,29CPU4Mem8GB.sh,26CPU2Mem4GB.sh,01noThrottling.sh,29CPU4Mem8GB.sh,29CPU4Mem8GB.sh,29CPU4Mem8GB.sh,01noThrottling.sh,01noThrottling.sh,01noThrottling.sh,01noThrottling.sh,29CPU4Mem8GB.sh,01noThrottling.sh
timely.store.iterators.RateIteratorTest,testCounterRateWithMax,29CPU4Mem8GB.sh,26CPU2Mem4GB.sh,01noThrottling.sh,29CPU4Mem8GB.sh,29CPU4Mem8GB.sh,01noThrottling.sh,01noThrottling.sh,29CPU4Mem8GB.sh,26CPU2Mem4GB.sh,01noThrottling.sh,01noThrottling.sh,29CPU4Mem8GB.sh,29CPU4Mem8GB.sh,01noThrottling.sh,29CPU4Mem8GB.sh,29CPU4Mem8GB.sh,29CPU4Mem8GB.sh,29CPU4Mem8GB.sh,01noThrottling.sh,26CPU2Mem4GB.sh,27CPU2Mem8GB.sh,01noThrottling.sh,29CPU4Mem8GB.sh,29CPU4Mem8GB.sh,26CPU2Mem4GB.sh,01noThrottling.sh,01noThrottling.sh,01noThrottling.sh,29CPU4Mem8GB.sh,01noThrottling.sh,29CPU4Mem8GB.sh
timely.store.iterators.RateIteratorTest,testCounterRate,29CPU4Mem8GB.sh,01noThrottling.sh,01noThrottling.sh,29CPU4Mem8GB.sh,01noThrottling.sh,01noThrottling.sh,01noThrottling.sh,29CPU4Mem8GB.sh,29CPU4Mem8GB.sh,29CPU4Mem8GB.sh,01noThrottling.sh,29CPU4Mem8GB.sh,29CPU4Mem8GB.sh,01noThrottling.sh,28CPU2Mem16GB.sh,01noThrottling.sh,29CPU4Mem8GB.sh,01noThrottling.sh,29CPU4Mem8GB.sh,01noThrottling.sh,01noThrottling.sh,01noThrottling.sh,29CPU4Mem8GB.sh,01noThrottling.sh,28CPU2Mem16GB.sh,29CPU4Mem8GB.sh,29CPU4Mem8GB.sh,01noThrottling.sh,29CPU4Mem8GB.sh,29CPU4Mem8GB.sh,29CPU4Mem8GB.sh
